config_id,embedding,hidden_layer_sizes,alpha,learning_rate_init,max_iter,early_stopping,batch_size,tol,solver,activation,selection_scope,inner_average_precision_0,inner_average_precision_1,inner_average_precision_2,mean_inner_average_precision,inner_rows,runtime_seconds,inner_n_iter_0,inner_loss_0,inner_hit_max_iter_0,inner_convergence_warning_0,inner_n_iter_1,inner_loss_1,inner_hit_max_iter_1,inner_convergence_warning_1,inner_n_iter_2,inner_loss_2,inner_hit_max_iter_2,inner_convergence_warning_2
mlp_a_00,a,[32],0.01,0.0005,300,False,64,0.0001,adam,relu,outer_fold_0,0.9371665768491984,0.9496081563017769,0.9169708459321931,0.9345818596943894,722,1.3160101000030409,173,0.011332645588700821,False,False,194,0.010151764381263298,False,False,181,0.011487748698060575,False,False
mlp_a_01,a,[32],0.01,0.001,300,False,64,0.0001,adam,relu,outer_fold_0,0.9378803794732141,0.9487704807576115,0.9170740502107011,0.9345749701471755,722,0.8868516000002273,119,0.009629303041118828,False,False,132,0.008862010166944628,False,False,128,0.009508871947523962,False,False
mlp_a_02,a,[32],1.0,0.0005,300,False,64,0.0001,adam,relu,outer_fold_0,0.9539371475950573,0.946067218214632,0.9167577647069349,0.938920710172208,722,1.7519851000033668,247,0.11812171754726894,False,False,225,0.11197770181139698,False,False,255,0.11886776266663863,False,False
mlp_a_03,a,[32],1.0,0.001,300,False,64,0.0001,adam,relu,outer_fold_0,0.9536540373844198,0.9482639999009598,0.9231560534410537,0.9416913635754778,722,0.9384653000015533,136,0.12051294813193268,False,False,128,0.11394235439435423,False,False,135,0.12084157540845175,False,False
mlp_a_04,a,[32],100.0,0.0005,300,False,64,0.0001,adam,relu,outer_fold_0,0.9516719328710653,0.9108433924748203,0.9379362031571254,0.9334838428343369,722,1.4861782000007224,210,0.668039531099088,False,False,215,0.6668607740604914,False,False,206,0.6669757732446597,False,False
mlp_a_05,a,[32],100.0,0.001,300,False,64,0.0001,adam,relu,outer_fold_0,0.9459473967563068,0.9101343268052965,0.9354359101955004,0.9305058779190345,722,0.9922147999968729,134,0.6667851589146203,False,False,137,0.6659165539658094,False,False,128,0.665973034886365,False,False
mlp_a_06,a,[64],0.01,0.0005,300,False,64,0.0001,adam,relu,outer_fold_0,0.9432393927836855,0.9500169018975021,0.9263925702576172,0.9398829549796016,722,1.6885421999977552,158,0.014111638555209135,False,False,184,0.012656380556889299,False,False,170,0.01403826464669548,False,False
mlp_a_07,a,[64],0.01,0.001,300,False,64,0.0001,adam,relu,outer_fold_0,0.9419921134629132,0.9489374832906999,0.9235925112538071,0.9381740360024734,722,1.1496454000007361,123,0.011781218645721304,False,False,104,0.012298742901425448,False,False,127,0.01195529877892836,False,False
mlp_a_08,a,[64],1.0,0.0005,300,False,64,0.0001,adam,relu,outer_fold_0,0.9542648541516026,0.9491515273274552,0.918250893629794,0.9405557583696172,722,1.8552551999964635,207,0.11903901507110591,False,False,196,0.11181931009498158,False,False,188,0.11996047892714183,False,False
mlp_a_09,a,[64],1.0,0.001,300,False,64,0.0001,adam,relu,outer_fold_0,0.9611718397534532,0.9490950572205052,0.9179970723873598,0.9427546564537727,722,1.0214619999969727,106,0.12871894733188513,False,False,106,0.1160517787258924,False,False,108,0.1275442571420448,False,False
mlp_a_10,a,[64],100.0,0.0005,300,False,64,0.0001,adam,relu,outer_fold_0,0.9490839239032293,0.9123970202557253,0.939002203585259,0.9334943825814045,722,1.4559291999976267,153,0.6669293288302439,False,False,152,0.666283316752658,False,False,151,0.6661176294925495,False,False
mlp_a_11,a,[64],100.0,0.001,300,False,64,0.0001,adam,relu,outer_fold_0,0.9481735369345163,0.9082056994938672,0.9379605878791523,0.931446608102512,722,0.8827509000038845,103,0.66598754094733,False,False,91,0.6657812822625278,False,False,90,0.6655761524078233,False,False
mlp_a_12,a,"[32,16]",0.01,0.0005,300,False,64,0.0001,adam,relu,outer_fold_0,0.9466946232281787,0.951307358543765,0.9243724669344691,0.9407914829021374,722,1.0180839000022388,142,0.010407693747415077,False,False,113,0.010596990574594024,False,False,125,0.010385734227502804,False,False
mlp_a_13,a,"[32,16]",0.01,0.001,300,False,64,0.0001,adam,relu,outer_fold_0,0.9479641243446515,0.950178218335004,0.9223717897580274,0.9401713774792276,722,0.6471690999969724,87,0.009765181086582874,False,False,80,0.009454151717236058,False,False,74,0.009985061318929787,False,False
mlp_a_14,a,"[32,16]",1.0,0.0005,300,False,64,0.0001,adam,relu,outer_fold_0,0.9524606049761699,0.9497525241049323,0.9173102052900353,0.9398411114570457,722,1.9965474999989965,255,0.10981096505470686,False,False,278,0.10180804275281262,False,False,228,0.11158070265295572,False,False
mlp_a_15,a,"[32,16]",1.0,0.001,300,False,64,0.0001,adam,relu,outer_fold_0,0.9548574388095855,0.9497196284464618,0.908641529427224,0.9377395322277571,722,1.1743846999961534,132,0.11343494148794031,False,False,171,0.10361585218369647,False,False,147,0.11168879096272893,False,False
mlp_a_16,a,"[32,16]",100.0,0.0005,300,False,64,0.0001,adam,relu,outer_fold_0,0.6182572614107884,0.7345017188510463,0.6166666666666667,0.6564752156428338,722,2.111817799996061,236,0.6670024294107653,False,False,237,0.6669144559614131,False,False,235,0.6666519270827503,False,False
mlp_a_17,a,"[32,16]",100.0,0.001,300,False,64,0.0001,adam,relu,outer_fold_0,0.6182572614107884,0.6182572614107884,0.6166666666666667,0.6177270631627478,722,1.2119568999987678,137,0.6659217081707857,False,False,134,0.666048375170709,False,False,133,0.6657429715872859,False,False
mlp_b_00,b,[32],0.01,0.0005,300,False,64,0.0001,adam,relu,outer_fold_0,0.9590517505808454,0.9482500175218109,0.972273913252778,0.9598585604518114,722,1.6746576999939862,122,0.011107186482871439,False,False,97,0.009563720875527587,False,False,108,0.009663738058026406,False,False
mlp_b_01,b,[32],0.01,0.001,300,False,64,0.0001,adam,relu,outer_fold_0,0.9560283545848285,0.9481869575138471,0.973426495388917,0.9592139358291975,722,1.0177808000007644,97,0.007627432601423532,False,False,67,0.008104590899888457,False,False,72,0.00841191598370583,False,False
mlp_b_02,b,[32],1.0,0.0005,300,False,64,0.0001,adam,relu,outer_fold_0,0.9610392699940026,0.9529934353514751,0.9749210257984582,0.9629845770479787,722,2.7838827000014135,213,0.08393058702372451,False,False,209,0.07457800981495329,False,False,225,0.08015737203538108,False,False
mlp_b_03,b,[32],1.0,0.001,300,False,64,0.0001,adam,relu,outer_fold_0,0.9570124766916779,0.9555307611240593,0.9727403716282357,0.961761203147991,722,1.7061066000023857,129,0.08427211321390495,False,False,108,0.07595825813380616,False,False,122,0.08059374491583432,False,False
mlp_b_04,b,[32],100.0,0.0005,300,False,64,0.0001,adam,relu,outer_fold_0,0.9711533436227879,0.9302991327123353,0.9533760247235125,0.9516095003528786,722,5.577712900005281,229,0.6427188327331124,False,False,300,0.6276843467014022,True,True,269,0.6327089435474669,False,False
mlp_b_05,b,[32],100.0,0.001,300,False,64,0.0001,adam,relu,outer_fold_0,0.9711761026615189,0.93122536276037,0.9557924411528936,0.9527313021915941,722,2.6001831000030506,146,0.64278748118098,False,False,145,0.6302016143664632,False,False,171,0.6326019496640785,False,False
mlp_b_06,b,[64],0.01,0.0005,300,False,64,0.0001,adam,relu,outer_fold_0,0.9584137710168329,0.948993795695209,0.9710735879129742,0.9594937182083386,722,2.129742899996927,97,0.01227654995850838,False,False,79,0.0125120963649184,False,False,86,0.0126259250363696,False,False
mlp_b_07,b,[64],0.01,0.001,300,False,64,0.0001,adam,relu,outer_fold_0,0.9565894632242817,0.9492858639830619,0.9706083152783014,0.9588278808285483,722,1.5103861999959918,68,0.011128807909924484,False,False,61,0.010937416095486093,False,False,61,0.01117428157511399,False,False
mlp_b_08,b,[64],1.0,0.0005,300,False,64,0.0001,adam,relu,outer_fold_0,0.9585198625285828,0.9534974360350383,0.9728646415264324,0.9616273133633512,722,3.3112134000039077,141,0.08261069669516474,False,False,136,0.07348261726078827,False,False,142,0.08064430112384023,False,False
mlp_b_09,b,[64],1.0,0.001,300,False,64,0.0001,adam,relu,outer_fold_0,0.9583083808787761,0.9524035710898293,0.9732790106623668,0.9613303208769907,722,1.9621136000059778,77,0.08820470454391063,False,False,94,0.07416761231814975,False,False,76,0.08522800628397242,False,False
mlp_b_10,b,[64],100.0,0.0005,300,False,64,0.0001,adam,relu,outer_fold_0,0.9711389395964847,0.9343233911624591,0.9531065895471034,0.9528563067686825,722,4.937303600003361,178,0.6416410671771088,False,False,192,0.6284789437812424,False,False,227,0.6308300768220958,False,False
mlp_b_11,b,[64],100.0,0.001,300,False,64,0.0001,adam,relu,outer_fold_0,0.9684265590488499,0.932275777979404,0.9514266338989233,0.9507096569757257,722,2.9798935999933747,103,0.6442132029338851,False,False,141,0.6284803243222576,False,False,122,0.6330591613025258,False,False
mlp_b_12,b,"[32,16]",0.01,0.0005,300,False,64,0.0001,adam,relu,outer_fold_0,0.9563557899460087,0.948240213672125,0.9749817776797998,0.9598592604326445,722,1.2100881000005757,88,0.009430311407779788,False,False,73,0.00965444071739533,False,False,83,0.009741364089658061,False,False
mlp_b_13,b,"[32,16]",0.01,0.001,300,False,64,0.0001,adam,relu,outer_fold_0,0.952525567352349,0.9508301502350216,0.9738990140402941,0.959084910542555,722,0.8386721999995643,60,0.008790468715284966,False,False,50,0.008715955650338704,False,False,60,0.009048441280638343,False,False
mlp_b_14,b,"[32,16]",1.0,0.0005,300,False,64,0.0001,adam,relu,outer_fold_0,0.958887219939052,0.9542071718992792,0.9705040976486515,0.9611994964956608,722,3.738973599996825,240,0.0821216616825227,False,False,293,0.07352603415411725,False,False,266,0.07872440801919911,False,False
mlp_b_15,b,"[32,16]",1.0,0.001,300,False,64,0.0001,adam,relu,outer_fold_0,0.9587454253084781,0.9587138728631228,0.9687349604245,0.9620647528653669,722,1.8214234999977634,140,0.08201170376964556,False,False,120,0.07801363215135133,False,False,140,0.08580492903769228,False,False
mlp_b_16,b,"[32,16]",100.0,0.0005,300,False,64,0.0001,adam,relu,outer_fold_0,0.6182572614107884,0.6182572614107884,0.6166666666666667,0.6177270631627478,722,3.8914606000034837,261,0.6667017422374166,False,False,266,0.66640690095178,False,False,260,0.6662990959176915,False,False
mlp_b_17,b,"[32,16]",100.0,0.001,300,False,64,0.0001,adam,relu,outer_fold_0,0.6182572614107884,0.6182572614107884,0.6166666666666667,0.6177270631627478,722,2.2578125,151,0.6657433637004259,False,False,149,0.6658234644148519,False,False,148,0.6654564838917418,False,False
mlp_c_00,c,[32],0.01,0.0005,300,False,64,0.0001,adam,relu,outer_fold_0,0.9655428230145361,0.9589521869066342,0.9635539025770357,0.9626829708327355,722,1.517525500006741,69,0.008412573234281148,False,False,68,0.008425146734078327,False,False,67,0.008291450579970123,False,False
mlp_c_01,c,[32],0.01,0.001,300,False,64,0.0001,adam,relu,outer_fold_0,0.9658534488701317,0.9584724216685081,0.9629518528570116,0.9624259077985505,722,0.9993393999975524,49,0.0073964514643060685,False,False,48,0.007412919848408419,False,False,47,0.007300172800404384,False,False
mlp_c_02,c,[32],1.0,0.0005,300,False,64,0.0001,adam,relu,outer_fold_0,0.9658080696750231,0.9616184524627562,0.9643944714634538,0.9639403312004111,722,3.663684600003762,170,0.05498205261131302,False,False,153,0.055123605953137096,False,False,164,0.05387716770812931,False,False
mlp_c_03,c,[32],1.0,0.001,300,False,64,0.0001,adam,relu,outer_fold_0,0.9645656212268906,0.9562583975707022,0.9612560783383205,0.9606933657119711,722,3.6485370000009425,147,0.052475600509763125,False,False,166,0.051906287151916544,False,False,183,0.050030309230789806,False,False
mlp_c_04,c,[32],100.0,0.0005,300,False,64,0.0001,adam,relu,outer_fold_0,0.9562835783554728,0.9433670726571907,0.9461529166774008,0.9486011892300215,722,10.839246399998956,239,0.6482462765843953,False,False,222,0.64037696373433,False,False,242,0.6421000552765954,False,False
mlp_c_05,c,[32],100.0,0.001,300,False,64,0.0001,adam,relu,outer_fold_0,0.9567792987093398,0.9388306204427949,0.9445871790338947,0.9467323660620098,722,3.426862500004063,124,0.6521222342097207,False,False,132,0.6430862149506101,False,False,114,0.6468666273164063,False,False
mlp_c_06,c,[64],0.01,0.0005,300,False,64,0.0001,adam,relu,outer_fold_0,0.96253331277822,0.9664432126287117,0.9641048949340616,0.9643604734469978,722,2.6728494000053615,53,0.011523599860244496,False,False,53,0.011679123949706762,False,False,53,0.011540012876659974,False,False
mlp_c_07,c,[64],0.01,0.001,300,False,64,0.0001,adam,relu,outer_fold_0,0.9621525574977405,0.9668230723966602,0.9639003634290192,0.9642919977744734,722,1.999508799999603,40,0.010669225546421043,False,False,41,0.010672072088012926,False,False,40,0.010597635821143179,False,False
mlp_c_08,c,[64],1.0,0.0005,300,False,64,0.0001,adam,relu,outer_fold_0,0.9633306539004958,0.9599387997780922,0.9649331869379907,0.9627342135388596,722,8.500085399995442,154,0.0505997444369979,False,False,177,0.04960197842343711,False,False,192,0.04842036904060003,False,False
mlp_c_09,c,[64],1.0,0.001,300,False,64,0.0001,adam,relu,outer_fold_0,0.9570765555054231,0.9655274726578891,0.9629847912731058,0.9618629398121393,722,5.0384847000023,117,0.054299026209604376,False,False,83,0.06346153792999348,False,False,98,0.058915893524009534,False,False
mlp_c_10,c,[64],100.0,0.0005,300,False,64,0.0001,adam,relu,outer_fold_0,0.957545503225489,0.943436201526683,0.9448013563451971,0.9485943536991229,722,8.300986399997782,154,0.6481078666970924,False,False,149,0.6394076931084411,False,False,177,0.6403224489806255,False,False
mlp_c_11,c,[64],100.0,0.001,300,False,64,0.0001,adam,relu,outer_fold_0,0.9583150452793003,0.9408369561591626,0.9416062784041724,0.9469194266142118,722,3.290531300001021,100,0.65201258779717,False,False,101,0.6431135151367432,False,False,105,0.6442261954503341,False,False
mlp_c_12,c,"[32,16]",0.01,0.0005,300,False,64,0.0001,adam,relu,outer_fold_0,0.9553283152031363,0.9591509344148972,0.9551429145284045,0.956540721382146,722,1.1570891000010306,59,0.009228027730636515,False,False,59,0.009306269934240911,False,False,61,0.009226118935918513,False,False
mlp_c_13,c,"[32,16]",0.01,0.001,300,False,64,0.0001,adam,relu,outer_fold_0,0.9575025038275318,0.9592742960241336,0.954273244883392,0.9570166815783524,722,0.7440139999962412,41,0.008599537302970795,False,False,42,0.008594141596211713,False,False,44,0.008590486327915045,False,False
mlp_c_14,c,"[32,16]",1.0,0.0005,300,False,64,0.0001,adam,relu,outer_fold_0,0.9620859848730867,0.9570766337504149,0.9621143534956901,0.9604256573730638,722,4.9603101999964565,300,0.05614101545567974,True,True,300,0.056571404511934424,True,True,276,0.05653604124706,False,False
mlp_c_15,c,"[32,16]",1.0,0.001,300,False,64,0.0001,adam,relu,outer_fold_0,0.962990097296681,0.9463636003466938,0.9615537042573832,0.9569691339669193,722,2.149489600000379,140,0.06355889364276596,False,False,109,0.09184647454888044,False,False,127,0.06192397864497102,False,False
mlp_c_16,c,"[32,16]",100.0,0.0005,300,False,64,0.0001,adam,relu,outer_fold_0,0.6182572614107884,0.6182572614107884,0.6399774774774776,0.6254973334330182,722,3.8455998999997973,228,0.6663248971790239,False,False,227,0.6664386475667464,False,False,228,0.6659981510308767,False,False
mlp_c_17,c,"[32,16]",100.0,0.001,300,False,64,0.0001,adam,relu,outer_fold_0,0.6182572614107884,0.6182572614107884,0.6166666666666667,0.6177270631627478,722,2.2145755999954417,130,0.6656925710945556,False,False,128,0.6657165751537514,False,False,129,0.6653202100917304,False,False
mlp_a_00,a,[32],0.01,0.0005,300,False,64,0.0001,adam,relu,outer_fold_1,0.9507815018205248,0.9557097308268646,0.9367389797463338,0.947743404131241,722,1.6076726999963284,256,0.009963514216804081,False,False,182,0.010617694155194169,False,False,223,0.0100393963875784,False,False
mlp_a_01,a,[32],0.01,0.001,300,False,64,0.0001,adam,relu,outer_fold_1,0.9481928755549425,0.9554823633431881,0.9368938224013772,0.9468563537665027,722,0.9106191000028048,172,0.00875939419885952,False,False,106,0.01004766459730013,False,False,118,0.010158816065014937,False,False
mlp_a_02,a,[32],1.0,0.0005,300,False,64,0.0001,adam,relu,outer_fold_1,0.9578394408905451,0.9609944947443767,0.9413213142412868,0.9533850832920695,722,1.6881799000038882,274,0.12191569895876171,False,False,231,0.12032581901831058,False,False,202,0.1179032050400404,False,False
mlp_a_03,a,[32],1.0,0.001,300,False,64,0.0001,adam,relu,outer_fold_1,0.9538405847674616,0.9608425142923043,0.9414676435697265,0.9520502475431641,722,1.0823688000018592,148,0.12739083821133945,False,False,152,0.12169951545649327,False,False,131,0.11766197047350463,False,False
mlp_a_04,a,[32],100.0,0.0005,300,False,64,0.0001,adam,relu,outer_fold_1,0.9427939212952867,0.9368745875131566,0.9376187956971378,0.939095768168527,722,1.5807757000002312,201,0.6675780685901312,False,False,207,0.6686399678586283,False,False,207,0.6682227265442429,False,False
mlp_a_05,a,[32],100.0,0.001,300,False,64,0.0001,adam,relu,outer_fold_1,0.9425013274307676,0.9383563396949187,0.9316833192909932,0.9375136621388932,722,1.0791625999991084,144,0.6660001054075543,False,False,130,0.6675084650110971,False,False,138,0.6669584824453065,False,False
mlp_a_06,a,[64],0.01,0.0005,300,False,64,0.0001,adam,relu,outer_fold_1,0.958725494366405,0.9573677288938671,0.9389653601060671,0.9516861944554464,722,1.7922890999980154,196,0.013835242295872043,False,False,144,0.01415221043195,False,False,171,0.013704306815077564,False,False
mlp_a_07,a,[64],0.01,0.001,300,False,64,0.0001,adam,relu,outer_fold_1,0.9579489469809842,0.9563883732473208,0.9407224542451187,0.9516865914911413,722,1.415380099999311,144,0.011995904182792049,False,False,97,0.012665747100425073,False,False,142,0.011176226413036979,False,False
mlp_a_08,a,[64],1.0,0.0005,300,False,64,0.0001,adam,relu,outer_fold_1,0.9598210022861983,0.9593094099661885,0.9398204013901232,0.9529836045475033,722,2.0017139999981737,197,0.1225950491571049,False,False,178,0.12233076113829881,False,False,204,0.11616586482554589,False,False
mlp_a_09,a,[64],1.0,0.001,300,False,64,0.0001,adam,relu,outer_fold_1,0.9564559626808289,0.9610118881381884,0.9395804204354159,0.9523494237514777,722,1.33085939999728,136,0.12610559864708484,False,False,141,0.12094469702738195,False,False,95,0.1216882090582278,False,False
mlp_a_10,a,[64],100.0,0.0005,300,False,64,0.0001,adam,relu,outer_fold_1,0.94505195040241,0.9360458786766149,0.9372548646352474,0.9394508979047576,722,1.608210300000792,154,0.6662625493814746,False,False,144,0.6680591123408781,False,False,148,0.6674847061577842,False,False
mlp_a_11,a,[64],100.0,0.001,300,False,64,0.0001,adam,relu,outer_fold_1,0.9451679180095219,0.934957854782123,0.9355421451368913,0.9385559726428454,722,1.0133356000005733,94,0.6658077229486337,False,False,109,0.6667095120292128,False,False,93,0.6666335742545678,False,False
mlp_a_12,a,"[32,16]",0.01,0.0005,300,False,64,0.0001,adam,relu,outer_fold_1,0.9548428729425872,0.9583867483030942,0.9392578275803525,0.950829149608678,722,1.0645355000015115,138,0.010324632624810171,False,False,112,0.010816031341493022,False,False,142,0.009837697984799795,False,False
mlp_a_13,a,"[32,16]",0.01,0.001,300,False,64,0.0001,adam,relu,outer_fold_1,0.956510483664967,0.9605461660170403,0.9380293383745855,0.9516953293521976,722,0.6580307999975048,91,0.009529037987936495,False,False,76,0.00979124369302404,False,False,79,0.009618106636921031,False,False
mlp_a_14,a,"[32,16]",1.0,0.0005,300,False,64,0.0001,adam,relu,outer_fold_1,0.9573078036190006,0.960278924666109,0.9368666839180345,0.9514844707343814,722,2.2904998999947566,283,0.11091437308043614,False,False,262,0.10992150416315773,False,False,241,0.10738336961335886,False,False
mlp_a_15,a,"[32,16]",1.0,0.001,300,False,64,0.0001,adam,relu,outer_fold_1,0.9542237206502527,0.9615500551634004,0.9345708903704686,0.9501148887280406,722,1.3522248000008403,122,0.11472152815398115,False,False,164,0.1096541292285066,False,False,145,0.10751418826264868,False,False
mlp_a_16,a,"[32,16]",100.0,0.0005,300,False,64,0.0001,adam,relu,outer_fold_1,0.7834862871169925,0.6182572614107884,0.6166666666666667,0.6728034050648158,722,2.189912400004687,238,0.6669030158252979,False,False,236,0.6679364401688098,False,False,233,0.6677462914136976,False,False
mlp_a_17,a,"[32,16]",100.0,0.001,300,False,64,0.0001,adam,relu,outer_fold_1,0.6141078838174274,0.6182572614107884,0.6166666666666667,0.6163439372982942,722,1.2092581000033533,141,0.6657769008732214,False,False,134,0.6670371147080062,False,False,135,0.666580300534126,False,False
mlp_b_00,b,[32],0.01,0.0005,300,False,64,0.0001,adam,relu,outer_fold_1,0.9814006363361287,0.967462423386626,0.9758818223820288,0.9749149607015944,722,1.157509899996512,133,0.008893742153078353,False,False,96,0.009390168535123075,False,False,125,0.008899496561006446,False,False
mlp_b_01,b,[32],0.01,0.001,300,False,64,0.0001,adam,relu,outer_fold_1,0.9814038618001228,0.9670455421892927,0.9750117712963368,0.9744870584285841,722,0.8274828000066918,97,0.0075574924814008635,False,False,65,0.008165165661141149,False,False,88,0.007632372105894815,False,False
mlp_b_02,b,[32],1.0,0.0005,300,False,64,0.0001,adam,relu,outer_fold_1,0.980705203284128,0.9626504847205757,0.9750535048509901,0.9728030642852312,722,1.8530094999950961,174,0.0831692995279176,False,False,208,0.07316503880975272,False,False,178,0.08029695834226287,False,False
mlp_b_03,b,[32],1.0,0.001,300,False,64,0.0001,adam,relu,outer_fold_1,0.9794394933946153,0.9614496665546586,0.9727840227298523,0.9712243942263754,722,1.3397251999995206,125,0.0842556917723524,False,False,120,0.0742477019908302,False,False,139,0.07884648356463567,False,False
mlp_b_04,b,[32],100.0,0.0005,300,False,64,0.0001,adam,relu,outer_fold_1,0.9579162739860657,0.952890901430187,0.9470631267440887,0.9526234340534471,722,2.749283600001945,235,0.6351476301902729,False,False,247,0.6365714808928297,False,False,227,0.6379701731856298,False,False
mlp_b_05,b,[32],100.0,0.001,300,False,64,0.0001,adam,relu,outer_fold_1,0.9610165589793421,0.9497864040307158,0.946421957057717,0.9524083066892582,722,1.7505509000038728,136,0.6356685829077405,False,False,163,0.6370487825351336,False,False,178,0.6367491947128829,False,False
mlp_b_06,b,[64],0.01,0.0005,300,False,64,0.0001,adam,relu,outer_fold_1,0.9799427055223773,0.9633126847273004,0.9730067873824046,0.9720873925440273,722,1.5156930000011926,107,0.012031871681827814,False,False,77,0.012490736094768324,False,False,94,0.012126357818872774,False,False
mlp_b_07,b,[64],0.01,0.001,300,False,64,0.0001,adam,relu,outer_fold_1,0.9794975904230185,0.9629059829391405,0.9713400788071078,0.9712478840564224,722,1.2569940000030329,73,0.01094642439353409,False,False,61,0.010753045180301273,False,False,74,0.010410003484814032,False,False
mlp_b_08,b,[64],1.0,0.0005,300,False,64,0.0001,adam,relu,outer_fold_1,0.9813818119273765,0.9630943158741685,0.9748722845293538,0.9731161374436329,722,2.8513392000022577,174,0.08122607999980042,False,False,177,0.07147142597290741,False,False,151,0.07911906758053446,False,False
mlp_b_09,b,[64],1.0,0.001,300,False,64,0.0001,adam,relu,outer_fold_1,0.9811694480202889,0.9607853185015356,0.9752658783868209,0.9724068816362151,722,1.2733271999968565,85,0.08886356184560329,False,False,83,0.07543738846281685,False,False,70,0.08114763338680941,False,False
mlp_b_10,b,[64],100.0,0.0005,300,False,64,0.0001,adam,relu,outer_fold_1,0.9581078547780448,0.9517971304741887,0.9463904392974285,0.9520984748498874,722,3.4402564999982133,215,0.632884552677919,False,False,207,0.6352323083504416,False,False,169,0.6368947821139068,False,False
mlp_b_11,b,[64],100.0,0.001,300,False,64,0.0001,adam,relu,outer_fold_1,0.9572297981768665,0.9523049917532048,0.9462479435471557,0.9519275778257423,722,2.145796800003154,121,0.6339633885841054,False,False,119,0.6362061033997208,False,False,132,0.637196104893544,False,False
mlp_b_12,b,"[32,16]",0.01,0.0005,300,False,64,0.0001,adam,relu,outer_fold_1,0.9785176668681812,0.957306043769161,0.9710039944629598,0.9689425683667673,722,0.9297434999971301,86,0.009852991008555715,False,False,76,0.00955692463936308,False,False,88,0.009690253871003389,False,False
mlp_b_13,b,"[32,16]",0.01,0.001,300,False,64,0.0001,adam,relu,outer_fold_1,0.9790403808891338,0.9597703446749551,0.9719909203556791,0.9702672153065893,722,0.703711199996178,60,0.009039550329774059,False,False,54,0.008661017570342915,False,False,65,0.008706196101159448,False,False
mlp_b_14,b,"[32,16]",1.0,0.0005,300,False,64,0.0001,adam,relu,outer_fold_1,0.9798544104206122,0.9649828878676862,0.973532884217617,0.9727900608353051,722,2.6148849000019254,220,0.08347073008430603,False,False,257,0.07403743696048422,False,False,223,0.08003245155794221,False,False
mlp_b_15,b,"[32,16]",1.0,0.001,300,False,64,0.0001,adam,relu,outer_fold_1,0.9801920101061781,0.9613491905942775,0.9760424074524421,0.9725278693842991,722,1.499859399998968,111,0.08796788714250038,False,False,147,0.07864576113633166,False,False,128,0.08169568674390648,False,False
mlp_b_16,b,"[32,16]",100.0,0.0005,300,False,64,0.0001,adam,relu,outer_fold_1,0.6141078838174274,0.6182572614107884,0.6166666666666667,0.6163439372982942,722,2.9195821000030264,266,0.6663961765446803,False,False,262,0.6676235387910997,False,False,258,0.6674533323183766,False,False
mlp_b_17,b,"[32,16]",100.0,0.001,300,False,64,0.0001,adam,relu,outer_fold_1,0.6141078838174274,0.6182572614107884,0.6166666666666667,0.6163439372982942,722,1.583311500005948,149,0.665817109877148,False,False,149,0.6668031171543518,False,False,152,0.6662947801249706,False,False
mlp_c_00,c,[32],0.01,0.0005,300,False,64,0.0001,adam,relu,outer_fold_1,0.966026039465893,0.9787736034021832,0.9570149522949529,0.9672715317210097,722,1.094644500000868,68,0.008371944277588663,False,False,69,0.008570482626927427,False,False,68,0.008363100996657321,False,False
mlp_c_01,c,[32],0.01,0.001,300,False,64,0.0001,adam,relu,outer_fold_1,0.9653083519884071,0.9794238637654447,0.9572459535194222,0.9673260564244247,722,0.7759326000013971,48,0.0073748863109485445,False,False,49,0.0074804159358019436,False,False,48,0.007382279517925061,False,False
mlp_c_02,c,[32],1.0,0.0005,300,False,64,0.0001,adam,relu,outer_fold_1,0.9631949845871053,0.9805452963739201,0.9645397055129639,0.9694266621579963,722,2.661126699997112,165,0.05361752998666755,False,False,178,0.05607538399569567,False,False,178,0.05309180608966655,False,False
mlp_c_03,c,[32],1.0,0.001,300,False,64,0.0001,adam,relu,outer_fold_1,0.964575098937945,0.9801928181279383,0.9644786985794842,0.9697488718817892,722,2.2671145999993314,115,0.052630858710669394,False,False,136,0.0557421775186631,False,False,180,0.049072712046164896,False,False
mlp_c_04,c,[32],100.0,0.0005,300,False,64,0.0001,adam,relu,outer_fold_1,0.9493447399814858,0.9535322989239008,0.9415382410893982,0.9481384266649283,722,4.375285599999188,247,0.6430730718224261,False,False,205,0.6466762250624492,False,False,197,0.6504856752973709,False,False
mlp_c_05,c,[32],100.0,0.001,300,False,64,0.0001,adam,relu,outer_fold_1,0.9497883605543767,0.9531754267076048,0.938178062449146,0.9470472832370426,722,2.0571300000010524,106,0.6482822672396262,False,False,136,0.6495612455204818,False,False,115,0.652130515516281,False,False
mlp_c_06,c,[64],0.01,0.0005,300,False,64,0.0001,adam,relu,outer_fold_1,0.9665479741958272,0.9799002403089268,0.9692397612194581,0.9718959919080706,722,1.7338660999957938,53,0.011596255840666179,False,False,53,0.011659075794171095,False,False,51,0.01153680420706608,False,False
mlp_c_07,c,[64],0.01,0.001,300,False,64,0.0001,adam,relu,outer_fold_1,0.96666940774026,0.9806658578218859,0.9694244563519938,0.9722532406380466,722,1.0507932000036817,40,0.01070300937861279,False,False,41,0.010576501138122823,False,False,39,0.010561448587365836,False,False
mlp_c_08,c,[64],1.0,0.0005,300,False,64,0.0001,adam,relu,outer_fold_1,0.958112863152782,0.9801833040816951,0.9650701636968555,0.9677887769771109,722,4.8039445000031264,172,0.04860059091202045,False,False,172,0.0514437590694469,False,False,230,0.04488504995293458,False,False
mlp_c_09,c,[64],1.0,0.001,300,False,64,0.0001,adam,relu,outer_fold_1,0.9568673308264245,0.9819051862957607,0.9650702256830916,0.9679475809350923,722,3.098450400000729,118,0.05077146315424015,False,False,91,0.05776711284574593,False,False,119,0.05360195276214778,False,False
mlp_c_10,c,[64],100.0,0.0005,300,False,64,0.0001,adam,relu,outer_fold_1,0.9441332177261705,0.9515908337017596,0.9410832894173482,0.9456024469484262,722,4.488822599996638,168,0.6417697068106637,False,False,192,0.6435767349747351,False,False,166,0.6474947131408024,False,False
mlp_c_11,c,[64],100.0,0.001,300,False,64,0.0001,adam,relu,outer_fold_1,0.9442783281586478,0.950898264035068,0.9298784409305413,0.941685011041419,722,3.340310799998406,99,0.6473760284304091,False,False,106,0.6476733425839802,False,False,94,0.6517888933979044,False,False
mlp_c_12,c,"[32,16]",0.01,0.0005,300,False,64,0.0001,adam,relu,outer_fold_1,0.9620624204939887,0.979470257532095,0.9633145714467506,0.9682824164909448,722,1.0784195000014734,59,0.009102523715759987,False,False,60,0.009192710212259026,False,False,58,0.00915667293864608,False,False
mlp_c_13,c,"[32,16]",0.01,0.001,300,False,64,0.0001,adam,relu,outer_fold_1,0.9636030655369239,0.97978811393165,0.9650689710655278,0.9694867168447004,722,0.7487222999989172,41,0.008477881268081133,False,False,42,0.00856762515071951,False,False,40,0.008566519050166999,False,False
mlp_c_14,c,"[32,16]",1.0,0.0005,300,False,64,0.0001,adam,relu,outer_fold_1,0.9590407903075664,0.9792080759972656,0.9651124952790202,0.9677871205279507,722,5.12936769999942,300,0.05434082363298284,True,True,294,0.06047461742921025,False,False,300,0.054490596634046484,True,True
mlp_c_15,c,"[32,16]",1.0,0.001,300,False,64,0.0001,adam,relu,outer_fold_1,0.9540307769764,0.9780457823492494,0.9655310187197241,0.9658691926817912,722,2.0621300999991945,117,0.062264215185803135,False,False,109,0.10277522073880588,False,False,143,0.05856431806564325,False,False
mlp_c_16,c,"[32,16]",100.0,0.0005,300,False,64,0.0001,adam,relu,outer_fold_1,0.6141078838174274,0.6182572614107884,0.6166666666666667,0.6163439372982942,722,3.9083365999977104,236,0.6660269523566698,False,False,224,0.6675258094393333,False,False,224,0.6671511015663387,False,False
mlp_c_17,c,"[32,16]",100.0,0.001,300,False,64,0.0001,adam,relu,outer_fold_1,0.6141078838174274,0.6182572614107884,0.6166666666666667,0.6163439372982942,722,2.243281699993531,128,0.6657605422378655,False,False,129,0.6666986173461904,False,False,128,0.666315481485088,False,False
mlp_a_00,a,[32],0.01,0.0005,300,False,64,0.0001,adam,relu,outer_fold_2,0.9248166107593452,0.9537906440228967,0.9457591995835211,0.9414554847885878,723,1.1171748999986448,165,0.011536912991012036,False,False,177,0.011207620760907248,False,False,155,0.011408301228371016,False,False
mlp_a_01,a,[32],0.01,0.001,300,False,64,0.0001,adam,relu,outer_fold_2,0.9234773319422854,0.9550298658444398,0.9433663015405929,0.9406244997757728,723,0.7856806000054348,123,0.0092499901539051,False,False,124,0.009510482383499079,False,False,102,0.009879879683230708,False,False
mlp_a_02,a,[32],1.0,0.0005,300,False,64,0.0001,adam,relu,outer_fold_2,0.9364781164858286,0.9627054734479791,0.942539455678771,0.9472410152041929,723,1.7959420999977738,268,0.11611891428095024,False,False,242,0.12229114771930714,False,False,271,0.11387055534660775,False,False
mlp_a_03,a,[32],1.0,0.001,300,False,64,0.0001,adam,relu,outer_fold_2,0.9375087399616562,0.962212016920007,0.9440754841148385,0.9479320803321672,723,1.015962400000717,114,0.11998551295405514,False,False,150,0.12285051186503704,False,False,182,0.11660057224675657,False,False
mlp_a_04,a,[32],100.0,0.0005,300,False,64,0.0001,adam,relu,outer_fold_2,0.9234755125231622,0.957093452543997,0.9373529682028092,0.9393073110899895,723,1.4280726999932085,206,0.6672728961823745,False,False,203,0.6687081160581817,False,False,212,0.6680452099195169,False,False
mlp_a_05,a,[32],100.0,0.001,300,False,64,0.0001,adam,relu,outer_fold_2,0.9240402109856958,0.9570990224808117,0.9381893964895498,0.9397762099853525,723,0.9279999999998836,131,0.6661007556362966,False,False,133,0.6672143621660614,False,False,134,0.6670099001761384,False,False
mlp_a_06,a,[64],0.01,0.0005,300,False,64,0.0001,adam,relu,outer_fold_2,0.9340853521374193,0.9590042323343304,0.948887274643797,0.9473256197051821,723,1.5885101999956532,160,0.013639574257980312,False,False,188,0.012858004123411365,False,False,153,0.01360645365914677,False,False
mlp_a_07,a,[64],0.01,0.001,300,False,64,0.0001,adam,relu,outer_fold_2,0.9338970329523005,0.9568386910181679,0.9477271713721387,0.9461542984475356,723,1.0435550000038347,118,0.01178587178689007,False,False,116,0.012209254667905957,False,False,99,0.012467733882307147,False,False
mlp_a_08,a,[64],1.0,0.0005,300,False,64,0.0001,adam,relu,outer_fold_2,0.9378350120789248,0.9630416074854846,0.9431596737385363,0.9480120977676485,723,1.8040713000009418,190,0.11683833171851629,False,False,211,0.12077317959602518,False,False,181,0.11833358647048313,False,False
mlp_a_09,a,[64],1.0,0.001,300,False,64,0.0001,adam,relu,outer_fold_2,0.935381456088997,0.963937605475957,0.9423899971184053,0.9472363528944531,723,1.08110250000027,108,0.12413692245278676,False,False,129,0.12714182941156427,False,False,109,0.1191614485250694,False,False
mlp_a_10,a,[64],100.0,0.0005,300,False,64,0.0001,adam,relu,outer_fold_2,0.9207055273843479,0.9574949589851489,0.9384218624184114,0.9388741162626361,723,1.4463344999967376,146,0.6664040548474371,False,False,158,0.6672330725072364,False,False,145,0.6675227557400203,False,False
mlp_a_11,a,[64],100.0,0.001,300,False,64,0.0001,adam,relu,outer_fold_2,0.9199738129262112,0.9567660383913248,0.9387615622732851,0.9385004711969404,723,0.8821449999959441,96,0.6655077147081201,False,False,89,0.6668552807947185,False,False,96,0.6665766787898408,False,False
mlp_a_12,a,"[32,16]",0.01,0.0005,300,False,64,0.0001,adam,relu,outer_fold_2,0.9343380494115688,0.965412062818944,0.9504686777760629,0.9500729300021918,723,0.8903598000033526,116,0.010618929145368428,False,False,129,0.01047432740175278,False,False,100,0.010709277694120169,False,False
mlp_a_13,a,"[32,16]",0.01,0.001,300,False,64,0.0001,adam,relu,outer_fold_2,0.9297454508765213,0.9647114922671827,0.9500012199540553,0.9481527210325864,723,0.5923650999975507,76,0.009716943967852332,False,False,82,0.009709737699361596,False,False,65,0.009715209838402294,False,False
mlp_a_14,a,"[32,16]",1.0,0.0005,300,False,64,0.0001,adam,relu,outer_fold_2,0.9380345806927404,0.9635596649926843,0.9456137758126586,0.9490693404993612,723,1.8065827000027639,266,0.10766061262885852,False,False,212,0.11279270730702318,False,False,225,0.1085681390469058,False,False
mlp_a_15,a,"[32,16]",1.0,0.001,300,False,64,0.0001,adam,relu,outer_fold_2,0.9356289262385762,0.9640108756550065,0.9469442264000776,0.9488613427645535,723,1.062909899999795,123,0.1115808199679315,False,False,170,0.11069239361673625,False,False,123,0.10982509612410699,False,False
mlp_a_16,a,"[32,16]",100.0,0.0005,300,False,64,0.0001,adam,relu,outer_fold_2,0.6141078838174274,0.6182572614107884,0.6182572614107884,0.6168741355463347,723,1.9965830000001006,233,0.6667264584537071,False,False,232,0.66780069924009,False,False,242,0.6672001171745263,False,False
mlp_a_17,a,"[32,16]",100.0,0.001,300,False,64,0.0001,adam,relu,outer_fold_2,0.6141078838174274,0.6182572614107884,0.6182572614107884,0.6168741355463347,723,1.136468299999251,137,0.6655593122014486,False,False,134,0.6666862965489028,False,False,135,0.6665977367274312,False,False
mlp_b_00,b,[32],0.01,0.0005,300,False,64,0.0001,adam,relu,outer_fold_2,0.9662519077216861,0.9826450111393699,0.9518228409172943,0.9669065865927835,723,1.0076690000059898,106,0.009614652994879937,False,False,113,0.010181099746351256,False,False,102,0.009595140626401103,False,False
mlp_b_01,b,[32],0.01,0.001,300,False,64,0.0001,adam,relu,outer_fold_2,0.9658806619406428,0.9836842179216911,0.9519677104496691,0.9671775301040011,723,0.7009410999962711,75,0.008155739625595317,False,False,75,0.0105012215951897,False,False,68,0.00836361146497865,False,False
mlp_b_02,b,[32],1.0,0.0005,300,False,64,0.0001,adam,relu,outer_fold_2,0.9660115402170972,0.9820152044284635,0.9459655478460278,0.9646640974971962,723,2.0184679000012693,208,0.08090142278048947,False,False,208,0.08813762396999522,False,False,224,0.0784552166288303,False,False
mlp_b_03,b,[32],1.0,0.001,300,False,64,0.0001,adam,relu,outer_fold_2,0.9653217588307512,0.9826047463475224,0.9445267000531246,0.964151068410466,723,1.1971330999949714,133,0.08193213543649297,False,False,128,0.08847283463010522,False,False,120,0.07918067980851397,False,False
mlp_b_04,b,[32],100.0,0.0005,300,False,64,0.0001,adam,relu,outer_fold_2,0.9514876989507984,0.9686934784091537,0.9420119710015014,0.9540643827871511,723,3.284103900004993,270,0.6345702338525608,False,False,246,0.642039872401775,False,False,246,0.6356142405520869,False,False
mlp_b_05,b,[32],100.0,0.001,300,False,64,0.0001,adam,relu,outer_fold_2,0.9514241183046764,0.9681189168308724,0.9414942729920783,0.953679102709209,723,1.655549200004316,167,0.6357662812570324,False,False,120,0.6440572764479556,False,False,185,0.634485359564097,False,False
mlp_b_06,b,[64],0.01,0.0005,300,False,64,0.0001,adam,relu,outer_fold_2,0.9617000474840655,0.976567469688695,0.9574243779489859,0.9652306317072488,723,1.5272818000012194,84,0.012536775513978525,False,False,88,0.013301343842450197,False,False,85,0.012275646440814728,False,False
mlp_b_07,b,[64],0.01,0.001,300,False,64,0.0001,adam,relu,outer_fold_2,0.9606913417941362,0.9777781306668472,0.9546511660382808,0.9643735461664212,723,1.1071498000019346,57,0.011488550694661594,False,False,64,0.011654354433686485,False,False,60,0.011094427665652254,False,False
mlp_b_08,b,[64],1.0,0.0005,300,False,64,0.0001,adam,relu,outer_fold_2,0.9640693624559002,0.9792352579997503,0.9486577347245069,0.9639874517267192,723,3.0643952999962494,175,0.07814324741012119,False,False,179,0.08737643296774981,False,False,163,0.07710886094195112,False,False
mlp_b_09,b,[64],1.0,0.001,300,False,64,0.0001,adam,relu,outer_fold_2,0.9608355276713785,0.9809049609863102,0.9488213973645312,0.9635206286740733,723,1.5978707000031136,114,0.08057648715306266,False,False,80,0.09448193986536035,False,False,75,0.08051741897790567,False,False
mlp_b_10,b,[64],100.0,0.0005,300,False,64,0.0001,adam,relu,outer_fold_2,0.9524246078661411,0.9670820392461505,0.9374873334500108,0.9523313268541008,723,3.543754300000728,209,0.6336422171331205,False,False,164,0.6421689445578718,False,False,214,0.6329804624565063,False,False
mlp_b_11,b,[64],100.0,0.001,300,False,64,0.0001,adam,relu,outer_fold_2,0.9511064725346692,0.9654776748454857,0.9375828916488409,0.9513890130096653,723,2.25802339999791,136,0.6351645559033269,False,False,114,0.6426392691050035,False,False,106,0.635539934998938,False,False
mlp_b_12,b,"[32,16]",0.01,0.0005,300,False,64,0.0001,adam,relu,outer_fold_2,0.952000660429479,0.9700258462892284,0.9532511583913033,0.9584258883700034,723,0.8346772000004421,78,0.009608850946522226,False,False,83,0.010165463200637534,False,False,75,0.009890055150900256,False,False
mlp_b_13,b,"[32,16]",0.01,0.001,300,False,64,0.0001,adam,relu,outer_fold_2,0.9567995113815497,0.9716317396949155,0.9554405447873144,0.9612905986212598,723,0.5656027000004542,52,0.008937964753164537,False,False,59,0.009081209040264965,False,False,54,0.008851647561898462,False,False
mlp_b_14,b,"[32,16]",1.0,0.0005,300,False,64,0.0001,adam,relu,outer_fold_2,0.9640779052302406,0.9796342248660026,0.9417579443916257,0.961823358162623,723,2.6051308999958565,265,0.07729867953503053,False,False,229,0.08552380537013766,False,False,267,0.0770723747938895,False,False
mlp_b_15,b,"[32,16]",1.0,0.001,300,False,64,0.0001,adam,relu,outer_fold_2,0.9588980900938509,0.9801950027842825,0.9418765416334349,0.960323211503856,723,1.3911888000002364,136,0.08002915190435188,False,False,140,0.08670740158198219,False,False,119,0.0834216905854031,False,False
mlp_b_16,b,"[32,16]",100.0,0.0005,300,False,64,0.0001,adam,relu,outer_fold_2,0.6141078838174274,0.6182572614107884,0.6182572614107884,0.6168741355463347,723,2.6546684999993886,263,0.6661541914029411,False,False,261,0.6672371733548401,False,False,261,0.6672231339426316,False,False
mlp_b_17,b,"[32,16]",100.0,0.001,300,False,64,0.0001,adam,relu,outer_fold_2,0.6141078838174274,0.6182572614107884,0.6182572614107884,0.6168741355463347,723,1.478678100000252,151,0.6653469522723622,False,False,148,0.6664723341611282,False,False,150,0.6663577284429497,False,False
mlp_c_00,c,[32],0.01,0.0005,300,False,64,0.0001,adam,relu,outer_fold_2,0.9610932145953102,0.9608672183350613,0.9675424602183464,0.9631676310495726,723,1.0923563999967882,68,0.008458911757079817,False,False,69,0.008405000015324373,False,False,68,0.008323110156412168,False,False
mlp_c_01,c,[32],0.01,0.001,300,False,64,0.0001,adam,relu,outer_fold_2,0.9628623532648347,0.9597872666093785,0.96800414594736,0.9635512552738578,723,0.7648848999961047,48,0.007434451067167302,False,False,48,0.007424884057163658,False,False,47,0.007412095759054504,False,False
mlp_c_02,c,[32],1.0,0.0005,300,False,64,0.0001,adam,relu,outer_fold_2,0.9689285949098271,0.9623524702579348,0.9685595368478797,0.9666135340052139,723,3.0867073999979766,237,0.05240265558608762,False,False,170,0.05446448358918242,False,False,187,0.05385976066509982,False,False
mlp_c_03,c,[32],1.0,0.001,300,False,64,0.0001,adam,relu,outer_fold_2,0.9639739611166196,0.9622671287085318,0.968494650513972,0.9649119134463744,723,2.415679400000954,156,0.059025601357597574,False,False,173,0.05624517817158141,False,False,137,0.053050360446209414,False,False
mlp_c_04,c,[32],100.0,0.0005,300,False,64,0.0001,adam,relu,outer_fold_2,0.9288671959110877,0.9485815322871075,0.9442144685431461,0.9405543989137805,723,4.2054179000042495,221,0.645920696422081,False,False,221,0.6477097145380958,False,False,221,0.6473357826687317,False,False
mlp_c_05,c,[32],100.0,0.001,300,False,64,0.0001,adam,relu,outer_fold_2,0.9310307827857927,0.9445133523106579,0.9312725067099028,0.9356055472687844,723,2.233857300001546,115,0.6493216978266384,False,False,129,0.6518737612337003,False,False,147,0.6499965662140598,False,False
mlp_c_06,c,[64],0.01,0.0005,300,False,64,0.0001,adam,relu,outer_fold_2,0.9575334482530349,0.9589669412519929,0.9683333087786278,0.9616112327612186,723,1.3985593999968842,53,0.011564552457884106,False,False,53,0.011612610090560194,False,False,53,0.011637376865996493,False,False
mlp_c_07,c,[64],0.01,0.001,300,False,64,0.0001,adam,relu,outer_fold_2,0.9581750794849535,0.9598515626036098,0.9706336893548557,0.9628867771478063,723,0.9783307999969111,40,0.010627369418663817,False,False,40,0.010720253366590242,False,False,41,0.0106121333937514,False,False
mlp_c_08,c,[64],1.0,0.0005,300,False,64,0.0001,adam,relu,outer_fold_2,0.9595995630291938,0.9582335316297492,0.9636337287875397,0.9604889411488275,723,5.411972000001697,238,0.047740038744467445,False,False,226,0.046997290340861406,False,False,224,0.047670009359631796,False,False
mlp_c_09,c,[64],1.0,0.001,300,False,64,0.0001,adam,relu,outer_fold_2,0.9624500409731434,0.9607196041383199,0.9639095046683481,0.9623597165932706,723,2.5025915000005625,91,0.05486807604206958,False,False,114,0.05078581527220107,False,False,107,0.05095926323814616,False,False
mlp_c_10,c,[64],100.0,0.0005,300,False,64,0.0001,adam,relu,outer_fold_2,0.9354346491210148,0.9488048373656528,0.9442819339973156,0.942840473494661,723,4.26018810000096,156,0.6445759947438274,False,False,149,0.6471457326590281,False,False,158,0.6466573490417333,False,False
mlp_c_11,c,[64],100.0,0.001,300,False,64,0.0001,adam,relu,outer_fold_2,0.9297698989936748,0.9457490171157387,0.9395311447661439,0.9383500202918524,723,2.135530999999901,82,0.6489776047069905,False,False,87,0.6508944024606391,False,False,96,0.649543756194679,False,False
mlp_c_12,c,"[32,16]",0.01,0.0005,300,False,64,0.0001,adam,relu,outer_fold_2,0.9647485547351605,0.9654848842830439,0.9652222604861909,0.9651518998347983,723,1.0263235000020359,59,0.009303954713134428,False,False,61,0.009177514821783235,False,False,58,0.009240150767717689,False,False
mlp_c_13,c,"[32,16]",0.01,0.001,300,False,64,0.0001,adam,relu,outer_fold_2,0.9670093177962196,0.9662807485346525,0.9683446966646749,0.9672115876651824,723,0.7357197000019369,43,0.008510628574519117,False,False,43,0.008533456433829354,False,False,42,0.00852227267003265,False,False
mlp_c_14,c,"[32,16]",1.0,0.0005,300,False,64,0.0001,adam,relu,outer_fold_2,0.9644652100543127,0.9599985631188691,0.9625411877781896,0.9623349869837905,723,4.796803700002783,266,0.057753909632368046,False,False,300,0.05614467386845194,True,True,300,0.0557944259381477,True,True
mlp_c_15,c,"[32,16]",1.0,0.001,300,False,64,0.0001,adam,relu,outer_fold_2,0.9296263787153461,0.9616210481377856,0.9624113084191793,0.9512195784241038,723,2.247999700004584,120,0.107907677860582,False,False,151,0.059569905224797916,False,False,134,0.06308225592890486,False,False
mlp_c_16,c,"[32,16]",100.0,0.0005,300,False,64,0.0001,adam,relu,outer_fold_2,0.6141078838174274,0.6182572614107884,0.6182572614107884,0.6168741355463347,723,4.013652699999511,226,0.6660855054478447,False,False,224,0.6671765548430195,False,False,226,0.6670398261596296,False,False
mlp_c_17,c,"[32,16]",100.0,0.001,300,False,64,0.0001,adam,relu,outer_fold_2,0.6141078838174274,0.6182572614107884,0.6182572614107884,0.6168741355463347,723,2.2364725999941584,129,0.665314661772658,False,False,129,0.6663155603966763,False,False,128,0.6663278509271341,False,False
mlp_a_00,a,[32],0.01,0.0005,300,False,64,0.0001,adam,relu,outer_fold_3,0.9367860633339253,0.9336664028180521,0.9605966173676184,0.9436830278398652,723,1.3029241000040201,164,0.01167234546861947,False,False,159,0.011804365692022348,False,False,220,0.010869376387225326,False,False
mlp_a_01,a,[32],0.01,0.001,300,False,64,0.0001,adam,relu,outer_fold_3,0.9348855952241006,0.931627667076864,0.9607723593066398,0.9424285405358681,723,0.8341512999977567,110,0.009893458376223574,False,False,110,0.009822255424775363,False,False,134,0.010205375914729687,False,False
mlp_a_02,a,[32],1.0,0.0005,300,False,64,0.0001,adam,relu,outer_fold_3,0.9470326893584138,0.9440244243520891,0.9649107245349584,0.9519892794151538,723,1.9728478000033647,297,0.11923278178881962,False,False,256,0.11703230811993928,False,False,254,0.12939612203945874,False,False
mlp_a_03,a,[32],1.0,0.001,300,False,64,0.0001,adam,relu,outer_fold_3,0.9453920778412896,0.9439063686367256,0.9648253331596379,0.951374593212551,723,1.142467800003942,180,0.12388827696712063,False,False,128,0.11995132501035306,False,False,140,0.13065729658813502,False,False
mlp_a_04,a,[32],100.0,0.0005,300,False,64,0.0001,adam,relu,outer_fold_3,0.9229294196063682,0.94086777567206,0.9475918751097951,0.9371296901294078,723,1.597152800000913,216,0.6679060735668162,False,False,215,0.6675505543628993,False,False,208,0.6675296541969055,False,False
mlp_a_05,a,[32],100.0,0.001,300,False,64,0.0001,adam,relu,outer_fold_3,0.9218643295303772,0.9413790304136528,0.9468541426368273,0.9366991675269524,723,0.9851380999971298,129,0.6670919193968314,False,False,131,0.666810380710804,False,False,122,0.6666471981516577,False,False
mlp_a_06,a,[64],0.01,0.0005,300,False,64,0.0001,adam,relu,outer_fold_3,0.9385594730386633,0.9391821624752039,0.9661628420883076,0.947968159200725,723,1.766303299998981,162,0.01372588211729812,False,False,148,0.01413409393864832,False,False,197,0.013698244720850981,False,False
mlp_a_07,a,[64],0.01,0.001,300,False,64,0.0001,adam,relu,outer_fold_3,0.9389710158847366,0.9384843256896453,0.9642179282395714,0.9472244232713178,723,1.1257545999978902,105,0.012602200808233686,False,False,92,0.01303659214400921,False,False,129,0.012532933880236657,False,False
mlp_a_08,a,[64],1.0,0.0005,300,False,64,0.0001,adam,relu,outer_fold_3,0.9463401107151689,0.9432622513930583,0.9622233649305951,0.9506085756796074,723,2.0553184999953373,204,0.1192678413465316,False,False,186,0.11854591274345051,False,False,228,0.12887167753227827,False,False
mlp_a_09,a,[64],1.0,0.001,300,False,64,0.0001,adam,relu,outer_fold_3,0.9480516204264445,0.9437654209071795,0.9650115577377933,0.9522761996904725,723,1.205610600001819,118,0.12095429798360197,False,False,116,0.11863340220345041,False,False,112,0.13207990835023564,False,False
mlp_a_10,a,[64],100.0,0.0005,300,False,64,0.0001,adam,relu,outer_fold_3,0.9220292273512032,0.9404736153973948,0.9474486206098773,0.9366504877861584,723,1.6001462999993237,158,0.6670374449370801,False,False,151,0.6670141868032874,False,False,149,0.6665430723644082,False,False
mlp_a_11,a,[64],100.0,0.001,300,False,64,0.0001,adam,relu,outer_fold_3,0.9211095766860332,0.9404639292201682,0.9457058308788429,0.935759778928348,723,1.0001371999969706,87,0.6667913198729161,False,False,97,0.6663911725867582,False,False,101,0.6654927601688791,False,False
mlp_a_12,a,"[32,16]",0.01,0.0005,300,False,64,0.0001,adam,relu,outer_fold_3,0.9464656343567502,0.9416668872401959,0.9642037914566995,0.950778771017882,723,1.1097388999987743,120,0.011030651911325644,False,False,117,0.010493982233199481,False,False,165,0.010337771590536258,False,False
mlp_a_13,a,"[32,16]",0.01,0.001,300,False,64,0.0001,adam,relu,outer_fold_3,0.9461167573242293,0.9432837319014733,0.9649952117904395,0.9514652336720474,723,0.7879201000032481,81,0.010027947318834336,False,False,83,0.009400018244096229,False,False,100,0.009736723935223013,False,False
mlp_a_14,a,"[32,16]",1.0,0.0005,300,False,64,0.0001,adam,relu,outer_fold_3,0.9477598366855198,0.9440517316770507,0.9635146609511052,0.9517754097712251,723,2.165229599995655,242,0.10881258681966141,False,False,257,0.10919907896979492,False,False,244,0.11718304629393049,False,False
mlp_a_15,a,"[32,16]",1.0,0.001,300,False,64,0.0001,adam,relu,outer_fold_3,0.9452998471188118,0.9446038903639306,0.9646468856755926,0.9515168743861117,723,1.24677569999767,143,0.11846867236794856,False,False,163,0.11005812086430222,False,False,135,0.11892578165284313,False,False
mlp_a_16,a,"[32,16]",100.0,0.0005,300,False,64,0.0001,adam,relu,outer_fold_3,0.6182572614107884,0.6182572614107884,0.6141078838174274,0.6168741355463347,723,2.121121000003768,234,0.6676115952708341,False,False,234,0.6676205470801927,False,False,235,0.6666317040309244,False,False
mlp_a_17,a,"[32,16]",100.0,0.001,300,False,64,0.0001,adam,relu,outer_fold_3,0.6182572614107884,0.6182572614107884,0.6141078838174274,0.6168741355463347,723,1.154811400003382,136,0.6665145418104602,False,False,134,0.6666152849789853,False,False,136,0.6655267045812839,False,False
mlp_b_00,b,[32],0.01,0.0005,300,False,64,0.0001,adam,relu,outer_fold_3,0.953525190111508,0.9511309469222049,0.9508491007301835,0.9518350792546322,723,1.1601076000006287,108,0.009874149465396062,False,False,106,0.009868370490725482,False,False,140,0.011135878333727879,False,False
mlp_b_01,b,[32],0.01,0.001,300,False,64,0.0001,adam,relu,outer_fold_3,0.9532376321564213,0.9506857800493125,0.9482313284186021,0.9507182468747786,723,0.7684777999966173,75,0.00844303764981858,False,False,79,0.008014891836941982,False,False,95,0.010046583668412892,False,False
mlp_b_02,b,[32],1.0,0.0005,300,False,64,0.0001,adam,relu,outer_fold_3,0.9551763642863698,0.9534524550652608,0.9534913044074509,0.9540400412530271,723,2.0140781000009156,224,0.08115305779109143,False,False,224,0.08044920344742999,False,False,202,0.09132820005913167,False,False
mlp_b_03,b,[32],1.0,0.001,300,False,64,0.0001,adam,relu,outer_fold_3,0.9530147562350684,0.9518846596817676,0.9530095054870658,0.9526363071346339,723,1.04836009999417,126,0.0837807675454582,False,False,103,0.08286969588956423,False,False,110,0.09364357763363497,False,False
mlp_b_04,b,[32],100.0,0.0005,300,False,64,0.0001,adam,relu,outer_fold_3,0.9417992660705814,0.9568157473006262,0.9429065778358989,0.9471738637357022,723,3.349859699999797,288,0.6345569024069113,False,False,234,0.6384295376527379,False,False,244,0.6388573366377589,False,False
mlp_b_05,b,[32],100.0,0.001,300,False,64,0.0001,adam,relu,outer_fold_3,0.9416159746326761,0.9565789910476429,0.9382656491938925,0.9454868716247372,723,1.6431465999994543,143,0.6360363605377758,False,False,158,0.6384276415179617,False,False,134,0.6400392417693315,False,False
mlp_b_06,b,[64],0.01,0.0005,300,False,64,0.0001,adam,relu,outer_fold_3,0.9577645716809237,0.9533334653565781,0.9506127823740105,0.9539036064705041,723,1.6217576000053668,84,0.013001854119989848,False,False,91,0.012419871239888284,False,False,109,0.01264412369265653,False,False
mlp_b_07,b,[64],0.01,0.001,300,False,64,0.0001,adam,relu,outer_fold_3,0.9584044199547574,0.9520955624903609,0.9503292746099092,0.9536097523516759,723,1.2285418000028585,61,0.011469049480325637,False,False,65,0.011053465166599724,False,False,88,0.010780944249145,False,False
mlp_b_08,b,[64],1.0,0.0005,300,False,64,0.0001,adam,relu,outer_fold_3,0.9545873968476479,0.948955378498402,0.9540910448343309,0.9525446067267936,723,2.8697910999981104,168,0.08163287646864108,False,False,185,0.08088013873072042,False,False,148,0.08959633084671952,False,False
mlp_b_09,b,[64],1.0,0.001,300,False,64,0.0001,adam,relu,outer_fold_3,0.9518003729788096,0.9571467694400992,0.9523610474734221,0.953769396630777,723,1.6016270999971312,85,0.08398769054875582,False,False,93,0.0826013486280547,False,False,95,0.09207354144865894,False,False
mlp_b_10,b,[64],100.0,0.0005,300,False,64,0.0001,adam,relu,outer_fold_3,0.9438947615286577,0.9585985994639835,0.9424772440081415,0.9483235350002609,723,3.820134399997187,214,0.6334809284314556,False,False,185,0.636740444141345,False,False,219,0.6366759709667772,False,False
mlp_b_11,b,[64],100.0,0.001,300,False,64,0.0001,adam,relu,outer_fold_3,0.9425487292461967,0.9582829051831099,0.9422385173869262,0.947690050605411,723,2.063884399998642,122,0.6343679261361986,False,False,91,0.6391573175211887,False,False,119,0.6382653349136729,False,False
mlp_b_12,b,"[32,16]",0.01,0.0005,300,False,64,0.0001,adam,relu,outer_fold_3,0.9452686948926574,0.9467161795321941,0.9547827771156034,0.9489225505134851,723,0.9400478000025032,80,0.010048774612507323,False,False,88,0.009700903832313024,False,False,99,0.009868341147848913,False,False
mlp_b_13,b,"[32,16]",0.01,0.001,300,False,64,0.0001,adam,relu,outer_fold_3,0.9462550464455408,0.9489308665621269,0.9495564419925127,0.9482474516667269,723,0.6395923999953084,55,0.008998990281853162,False,False,59,0.00904202124624244,False,False,67,0.008992050551888734,False,False
mlp_b_14,b,"[32,16]",1.0,0.0005,300,False,64,0.0001,adam,relu,outer_fold_3,0.956182195531203,0.9472616656746219,0.9475523349843123,0.9503320653967124,723,2.405725299999176,247,0.08148415242384331,False,False,245,0.08134858771352772,False,False,187,0.09702507594841084,False,False
mlp_b_15,b,"[32,16]",1.0,0.001,300,False,64,0.0001,adam,relu,outer_fold_3,0.9542777456858673,0.9414637019734551,0.9458673545667351,0.9472029340753525,723,1.322852099998272,139,0.08402623619298732,False,False,143,0.08340836120196018,False,False,107,0.09234634252544971,False,False
mlp_b_16,b,"[32,16]",100.0,0.0005,300,False,64,0.0001,adam,relu,outer_fold_3,0.6182572614107884,0.6182572614107884,0.6141078838174274,0.6168741355463347,723,2.8402759000018705,263,0.667118289015447,False,False,261,0.6672387796196935,False,False,262,0.6662241588334007,False,False
mlp_b_17,b,"[32,16]",100.0,0.001,300,False,64,0.0001,adam,relu,outer_fold_3,0.6182572614107884,0.6182572614107884,0.6141078838174274,0.6168741355463347,723,1.5145201999985147,147,0.666511567843293,False,False,147,0.666507032594764,False,False,149,0.6654263891829533,False,False
mlp_c_00,c,[32],0.01,0.0005,300,False,64,0.0001,adam,relu,outer_fold_3,0.9613291596208716,0.9716302867323463,0.9642317269755933,0.9657303911096037,723,1.092918299997109,70,0.008422655820735975,False,False,67,0.008293882248738994,False,False,67,0.00829117176578115,False,False
mlp_c_01,c,[32],0.01,0.001,300,False,64,0.0001,adam,relu,outer_fold_3,0.9612760802964397,0.971728537166116,0.9637438454532958,0.9655828209719505,723,0.761437000001024,49,0.007403484628509069,False,False,47,0.0073651025672435665,False,False,47,0.007314659880722526,False,False
mlp_c_02,c,[32],1.0,0.0005,300,False,64,0.0001,adam,relu,outer_fold_3,0.9661445357555328,0.9690741981906038,0.9601888290457247,0.9651358543306204,723,3.1573839000047883,195,0.054665814287008674,False,False,202,0.05257160138613476,False,False,171,0.05337679704693634,False,False
mlp_c_03,c,[32],1.0,0.001,300,False,64,0.0001,adam,relu,outer_fold_3,0.9665183948087469,0.9686796866776032,0.9603876033445008,0.9651952282769503,723,2.511954699999478,144,0.054174038242547226,False,False,151,0.0522995192362358,False,False,136,0.05222213507753366,False,False
mlp_c_04,c,[32],100.0,0.0005,300,False,64,0.0001,adam,relu,outer_fold_3,0.9399592368760923,0.9562413269382519,0.9499496836262128,0.9487167491468523,723,4.888352900001337,221,0.6446072105257802,False,False,255,0.643286899114928,False,False,197,0.6477639005039068,False,False
mlp_c_05,c,[32],100.0,0.001,300,False,64,0.0001,adam,relu,outer_fold_3,0.940487449569671,0.9530151161008927,0.9464602771553231,0.9466542809419622,723,2.2916202999986126,119,0.64815467948254,False,False,145,0.6460906369197416,False,False,123,0.6494723305004672,False,False
mlp_c_06,c,[64],0.01,0.0005,300,False,64,0.0001,adam,relu,outer_fold_3,0.9714826875716835,0.9726970374978714,0.9542011704657611,0.9661269651784387,723,1.4271648000067216,53,0.011569299702588158,False,False,53,0.011557575563280064,False,False,51,0.01156770727768087,False,False
mlp_c_07,c,[64],0.01,0.001,300,False,64,0.0001,adam,relu,outer_fold_3,0.9710158118390871,0.9727032640205471,0.9540882762770061,0.9659357840455468,723,0.9892191000035382,41,0.010583307033715702,False,False,40,0.010590733941595496,False,False,39,0.01058812040254927,False,False
mlp_c_08,c,[64],1.0,0.0005,300,False,64,0.0001,adam,relu,outer_fold_3,0.9674684559206703,0.9671838710873234,0.9568834122288105,0.9638452464122681,723,4.604731799998262,195,0.05036638086927612,False,False,183,0.04879938003746902,False,False,193,0.04711708614026225,False,False
mlp_c_09,c,[64],1.0,0.001,300,False,64,0.0001,adam,relu,outer_fold_3,0.9641138404578122,0.9685222807296071,0.9489754650139411,0.9605371954004535,723,2.325951699996949,102,0.05474207871115177,False,False,95,0.05346706161681894,False,False,105,0.05241488435139694,False,False
mlp_c_10,c,[64],100.0,0.0005,300,False,64,0.0001,adam,relu,outer_fold_3,0.9390276151630187,0.9525747666038982,0.9440920409127943,0.9452314742265705,723,4.270175600002403,155,0.6428393649347305,False,False,167,0.6423878466002041,False,False,164,0.6455325474705048,False,False
mlp_c_11,c,[64],100.0,0.001,300,False,64,0.0001,adam,relu,outer_fold_3,0.938092399998001,0.955556404939445,0.9498119149225583,0.9478202399533348,723,2.2182572999954573,89,0.6466248141417609,False,False,98,0.646261707675823,False,False,98,0.6496132401206621,False,False
mlp_c_12,c,"[32,16]",0.01,0.0005,300,False,64,0.0001,adam,relu,outer_fold_3,0.9714150426262861,0.9688289116255588,0.9547197671335231,0.9649879071284561,723,1.0387700999999652,62,0.009169411272824758,False,False,57,0.009238715558753174,False,False,59,0.009184308669566514,False,False
mlp_c_13,c,"[32,16]",0.01,0.001,300,False,64,0.0001,adam,relu,outer_fold_3,0.9712454030061832,0.9705024534197303,0.9538405919023523,0.9651961494427553,723,0.7223752999998396,42,0.008648216349776921,False,False,40,0.008499202450369621,False,False,42,0.00854249406978276,False,False
mlp_c_14,c,"[32,16]",1.0,0.0005,300,False,64,0.0001,adam,relu,outer_fold_3,0.9671936936968293,0.9700164523206896,0.9570245843905713,0.96474491013603,723,4.971683399999165,300,0.057591607866210225,True,False,278,0.056369591755515716,False,False,300,0.055419753320479395,True,True
mlp_c_15,c,"[32,16]",1.0,0.001,300,False,64,0.0001,adam,relu,outer_fold_3,0.9649394658511429,0.948257743662974,0.9315970389332754,0.9482647494824641,723,2.1462019000027794,101,0.0952429247154539,False,False,137,0.07676830865723333,False,False,147,0.13144305777590698,False,False
mlp_c_16,c,"[32,16]",100.0,0.0005,300,False,64,0.0001,adam,relu,outer_fold_3,0.6285053886212371,0.6182572614107884,0.6141078838174274,0.6202901779498177,723,3.9949113999973633,226,0.6670716085250022,False,False,226,0.6670365620568943,False,False,225,0.6661500987071705,False,False
mlp_c_17,c,"[32,16]",100.0,0.001,300,False,64,0.0001,adam,relu,outer_fold_3,0.6182572614107884,0.6182572614107884,0.6141078838174274,0.6168741355463347,723,2.224363199995423,128,0.6664123967764015,False,False,127,0.6663936184980007,False,False,129,0.6653492982343271,False,False
mlp_a_00,a,[32],0.01,0.0005,300,False,64,0.0001,adam,relu,outer_fold_4,0.9221115170284861,0.9461479760947027,0.9580502914451023,0.9421032615227638,722,1.2722242000018014,175,0.011495701287041122,False,False,184,0.011144318329493476,False,False,199,0.011303356319959228,False,False
mlp_a_01,a,[32],0.01,0.001,300,False,64,0.0001,adam,relu,outer_fold_4,0.9229311801484328,0.9468144989973133,0.9578896205358844,0.9425450998938768,722,0.8315200000070035,129,0.009356926447969283,False,False,109,0.01046965050782568,False,False,122,0.010383096273311137,False,False
mlp_a_02,a,[32],1.0,0.0005,300,False,64,0.0001,adam,relu,outer_fold_4,0.9351542876989464,0.9507608508009397,0.9629482497011523,0.949621129400346,722,1.5521863000030862,219,0.11763839886739115,False,False,232,0.12252514796310142,False,False,244,0.12718675187581469,False,False
mlp_a_03,a,[32],1.0,0.001,300,False,64,0.0001,adam,relu,outer_fold_4,0.9360626509693111,0.9475655981794748,0.9631827914588504,0.9489370135358787,722,0.9587136000045575,144,0.11823717834627051,False,False,156,0.12432614625061093,False,False,126,0.12998226750272232,False,False
mlp_a_04,a,[32],100.0,0.0005,300,False,64,0.0001,adam,relu,outer_fold_4,0.9293050968042046,0.9384208634228092,0.9466672718502357,0.9381310773590831,722,1.4510238000002573,202,0.6677867266790175,False,False,223,0.6673523756943922,False,False,206,0.6678622419451132,False,False
mlp_a_05,a,[32],100.0,0.001,300,False,64,0.0001,adam,relu,outer_fold_4,0.9267374976941717,0.9393489352711296,0.9451174039328057,0.9370679456327023,722,1.0312268999987282,124,0.6668575977917943,False,False,137,0.6665983844115803,False,False,121,0.6671116547828719,False,False
mlp_a_06,a,[64],0.01,0.0005,300,False,64,0.0001,adam,relu,outer_fold_4,0.9380578969734875,0.9431602320902956,0.9647912071206481,0.9486697787281438,722,1.6505050999985542,163,0.014333270671483907,False,False,163,0.014153416128964211,False,False,181,0.014034049641447749,False,False
mlp_a_07,a,[64],0.01,0.001,300,False,64,0.0001,adam,relu,outer_fold_4,0.9392606957478203,0.9414706781324823,0.9646991453534187,0.9484768397445738,722,1.1981761999995797,119,0.012290404811164285,False,False,116,0.012369490799591201,False,False,115,0.013020115494647717,False,False
mlp_a_08,a,[64],1.0,0.0005,300,False,64,0.0001,adam,relu,outer_fold_4,0.9337978868016557,0.9461393063978063,0.9655338858118787,0.9484903596704468,722,2.033011200001056,182,0.11824774940566612,False,False,239,0.12249488380652858,False,False,187,0.12847018344554503,False,False
mlp_a_09,a,[64],1.0,0.001,300,False,64,0.0001,adam,relu,outer_fold_4,0.9325349616403888,0.9445571044736385,0.9627534533777902,0.9466151731639392,722,1.1155870000002324,110,0.11836743926079783,False,False,100,0.1318263977213099,False,False,139,0.12946407886970793,False,False
mlp_a_10,a,[64],100.0,0.0005,300,False,64,0.0001,adam,relu,outer_fold_4,0.928910677007691,0.9372182263166196,0.9459177015163482,0.9373488682802197,722,1.4893975000013597,148,0.6670067546422329,False,False,151,0.6669513988199668,False,False,152,0.6669624547904541,False,False
mlp_a_11,a,[64],100.0,0.001,300,False,64,0.0001,adam,relu,outer_fold_4,0.92942343035938,0.9365498700139328,0.9460934805537378,0.9373555936423502,722,0.8834839999981341,91,0.6664319416143067,False,False,108,0.6657938897790077,False,False,94,0.6664476801567405,False,False
mlp_a_12,a,"[32,16]",0.01,0.0005,300,False,64,0.0001,adam,relu,outer_fold_4,0.9346612307445676,0.959670625435687,0.9604481433259536,0.9515933331687361,722,1.0120443999985582,139,0.010383005334086405,False,False,113,0.01093797487710196,False,False,137,0.0107457796269338,False,False
mlp_a_13,a,"[32,16]",0.01,0.001,300,False,64,0.0001,adam,relu,outer_fold_4,0.9375478831819793,0.9577135845460009,0.96022537245343,0.9518289467271367,722,0.705638799998269,98,0.009770198221029229,False,False,74,0.009973008733917094,False,False,96,0.0094771230788996,False,False
mlp_a_14,a,"[32,16]",1.0,0.0005,300,False,64,0.0001,adam,relu,outer_fold_4,0.9349593047058669,0.9493508625291605,0.9623375442341229,0.9488825704897167,722,2.0986149000018486,263,0.10840929942218196,False,False,278,0.11059279914911145,False,False,279,0.11520294095835555,False,False
mlp_a_15,a,"[32,16]",1.0,0.001,300,False,64,0.0001,adam,relu,outer_fold_4,0.9404303896423986,0.9493146456715452,0.9630689269417012,0.9509379874185484,722,0.9797755999970832,146,0.11167882940420083,False,False,105,0.11858867406288313,False,False,128,0.11826861816159769,False,False
mlp_a_16,a,"[32,16]",100.0,0.0005,300,False,64,0.0001,adam,relu,outer_fold_4,0.6182572614107884,0.8608977234495907,0.6166666666666667,0.6986072171756819,722,1.990659000002779,236,0.6680125927014913,False,False,235,0.6670808670622758,False,False,236,0.6675772105248546,False,False
mlp_a_17,a,"[32,16]",100.0,0.001,300,False,64,0.0001,adam,relu,outer_fold_4,0.6182572614107884,0.6141078838174274,0.6166666666666667,0.6163439372982942,722,1.2121553999968455,138,0.6668603745820775,False,False,139,0.6658599255580158,False,False,143,0.666306665920451,False,False
mlp_b_00,b,[32],0.01,0.0005,300,False,64,0.0001,adam,relu,outer_fold_4,0.9583869307212034,0.9699732300970887,0.9640287070424174,0.9641296226202365,722,1.1209174999967217,117,0.00893999206583261,False,False,112,0.009389006210054233,False,False,127,0.00946658212869294,False,False
mlp_b_01,b,[32],0.01,0.001,300,False,64,0.0001,adam,relu,outer_fold_4,0.9579373755724762,0.9692385880534498,0.9644980841264188,0.9638913492507815,722,0.792295400002331,88,0.007362752565736339,False,False,72,0.008352310050695604,False,False,98,0.007791981637582274,False,False
mlp_b_02,b,[32],1.0,0.0005,300,False,64,0.0001,adam,relu,outer_fold_4,0.956262417748848,0.962553836947197,0.9614297737672576,0.9600820094877675,722,1.7499736000027042,182,0.07770832116468424,False,False,209,0.08093844769760757,False,False,178,0.0865011132961519,False,False
mlp_b_03,b,[32],1.0,0.001,300,False,64,0.0001,adam,relu,outer_fold_4,0.9576184622585384,0.9608291039204615,0.9576857866040913,0.9587111175943637,722,0.9701228999983869,107,0.07773171896766633,False,False,102,0.08286544541520084,False,False,109,0.08656942208410949,False,False
mlp_b_04,b,[32],100.0,0.0005,300,False,64,0.0001,adam,relu,outer_fold_4,0.9463181101660334,0.9533317756468132,0.9481786517504568,0.9492761791877679,722,3.825950300000841,284,0.6311130758405237,False,False,239,0.6386727812159757,False,False,294,0.6341985439693619,False,False
mlp_b_05,b,[32],100.0,0.001,300,False,64,0.0001,adam,relu,outer_fold_4,0.9415888012150104,0.9524057083627187,0.9475833074132902,0.9471926056636731,722,1.7121798999942257,144,0.6327390920006318,False,False,148,0.6387574105832139,False,False,164,0.6351364599663807,False,False
mlp_b_06,b,[64],0.01,0.0005,300,False,64,0.0001,adam,relu,outer_fold_4,0.951938794163587,0.9609992489855985,0.9636386205080951,0.9588588878857602,722,1.729891900002258,105,0.01166678143639924,False,False,83,0.012842828086118675,False,False,113,0.012113177407848083,False,False
mlp_b_07,b,[64],0.01,0.001,300,False,64,0.0001,adam,relu,outer_fold_4,0.951115113056525,0.9616256693425751,0.9652131643152715,0.9593179822381238,722,1.2406422999993083,77,0.0102890396826721,False,False,60,0.011427081828603957,False,False,92,0.010319889286392766,False,False
mlp_b_08,b,[64],1.0,0.0005,300,False,64,0.0001,adam,relu,outer_fold_4,0.9521935005605914,0.9618609267147198,0.9595779177688462,0.9578774483480524,722,2.6897446000002674,147,0.07624593261568435,False,False,169,0.0784941346327241,False,False,152,0.08520654013751834,False,False
mlp_b_09,b,[64],1.0,0.001,300,False,64,0.0001,adam,relu,outer_fold_4,0.958623402365924,0.9596393876681281,0.9609045563051917,0.9597224487797479,722,1.785560099997383,87,0.0792883286452963,False,False,98,0.08123110986704457,False,False,107,0.08909385292276949,False,False
mlp_b_10,b,[64],100.0,0.0005,300,False,64,0.0001,adam,relu,outer_fold_4,0.9440241736436205,0.9503970684353145,0.9504945317407126,0.9483052579398826,722,3.312268400004541,210,0.6300282506190323,False,False,171,0.6379736595066915,False,False,176,0.6349761052803925,False,False
mlp_b_11,b,[64],100.0,0.001,300,False,64,0.0001,adam,relu,outer_fold_4,0.9403516197492772,0.9558007754779781,0.9498110169346502,0.9486544707206351,722,2.383041699999012,142,0.6308697157427093,False,False,117,0.6382920564459319,False,False,136,0.6348857476702575,False,False
mlp_b_12,b,"[32,16]",0.01,0.0005,300,False,64,0.0001,adam,relu,outer_fold_4,0.937634322721538,0.9540331845477555,0.9574256887417967,0.9496977320036968,722,1.1694413000004715,99,0.00929629427476806,False,False,79,0.009696911665810081,False,False,100,0.00960787806547872,False,False
mlp_b_13,b,"[32,16]",0.01,0.001,300,False,64,0.0001,adam,relu,outer_fold_4,0.9405418853783994,0.9564082123822005,0.955820365423975,0.9509234877281916,722,0.651422700000694,63,0.008779588353329133,False,False,53,0.008906386890737741,False,False,68,0.00883369795902812,False,False
mlp_b_14,b,"[32,16]",1.0,0.0005,300,False,64,0.0001,adam,relu,outer_fold_4,0.9585734029718442,0.9600181281273393,0.9566097200875647,0.9584004170622494,722,2.5579144999937853,249,0.0777126994078288,False,False,247,0.0791717925438622,False,False,255,0.08328545861542527,False,False
mlp_b_15,b,"[32,16]",1.0,0.001,300,False,64,0.0001,adam,relu,outer_fold_4,0.9582058105446094,0.9571313104503703,0.9566438996184508,0.9573270068711435,722,1.3189310999950976,126,0.07945528954242737,False,False,139,0.08156718585122297,False,False,122,0.0866616837125353,False,False
mlp_b_16,b,"[32,16]",100.0,0.0005,300,False,64,0.0001,adam,relu,outer_fold_4,0.6182572614107884,0.6141078838174274,0.6166666666666667,0.6163439372982942,722,2.6723953999971855,264,0.6675132971123279,False,False,261,0.6667024103565339,False,False,261,0.6672409658267784,False,False
mlp_b_17,b,"[32,16]",100.0,0.001,300,False,64,0.0001,adam,relu,outer_fold_4,0.6182572614107884,0.6141078838174274,0.6166666666666667,0.6163439372982942,722,1.606838699997752,150,0.6667560739053592,False,False,150,0.6657935624828085,False,False,156,0.6661949203724419,False,False
mlp_c_00,c,[32],0.01,0.0005,300,False,64,0.0001,adam,relu,outer_fold_4,0.9576645383600942,0.961684225045338,0.959537386806458,0.9596287167372967,722,1.0964978999982122,70,0.008379205147435927,False,False,70,0.00851901044257453,False,False,69,0.008523723691241429,False,False
mlp_c_01,c,[32],0.01,0.001,300,False,64,0.0001,adam,relu,outer_fold_4,0.9566406455094387,0.9620625118555038,0.9607468828192659,0.9598166800614029,722,0.7773146000035922,48,0.007455171173166637,False,False,49,0.007514895724540734,False,False,49,0.007467210403008995,False,False
mlp_c_02,c,[32],1.0,0.0005,300,False,64,0.0001,adam,relu,outer_fold_4,0.9605121339209319,0.9573807945862157,0.9634158782359954,0.960436268914381,722,3.1240852999981144,187,0.054370990713004184,False,False,253,0.05352667617224425,False,False,161,0.05567104152739441,False,False
mlp_c_03,c,[32],1.0,0.001,300,False,64,0.0001,adam,relu,outer_fold_4,0.9595463741533797,0.9607405578840178,0.9625195779598388,0.960935503332412,722,2.002091100002872,123,0.05581208333567525,False,False,111,0.05649126418008835,False,False,154,0.053770517373791904,False,False
mlp_c_04,c,[32],100.0,0.0005,300,False,64,0.0001,adam,relu,outer_fold_4,0.9323392358737961,0.945058934133503,0.9426152672156352,0.9400044790743114,722,3.2910486000037054,197,0.6488911616617304,False,False,191,0.65193588596287,False,False,207,0.6494752519316148,False,False
mlp_c_05,c,[32],100.0,0.001,300,False,64,0.0001,adam,relu,outer_fold_4,0.9299542634500276,0.9429282408547953,0.9405277006398297,0.9378034016482175,722,2.095338900006027,127,0.6507216619170388,False,False,106,0.654518107485759,False,False,148,0.6515561765838379,False,False
mlp_c_06,c,[64],0.01,0.0005,300,False,64,0.0001,adam,relu,outer_fold_4,0.9600162710286368,0.9547782866132507,0.9600577995492282,0.9582841190637051,722,1.4081131999992067,53,0.011665553504169292,False,False,53,0.011714173094089628,False,False,52,0.011606516914045933,False,False
mlp_c_07,c,[64],0.01,0.001,300,False,64,0.0001,adam,relu,outer_fold_4,0.9604425227681426,0.9572790362772154,0.9596025605775259,0.9591080398742946,722,1.084906599993701,40,0.01074045105968623,False,False,40,0.010727352058827537,False,False,40,0.010688757200668652,False,False
mlp_c_08,c,[64],1.0,0.0005,300,False,64,0.0001,adam,relu,outer_fold_4,0.9596700365820036,0.9539595952401109,0.957798906127511,0.9571428459832084,722,4.755056800000602,177,0.04933722055020684,False,False,207,0.0501465454232048,False,False,212,0.04863614421460631,False,False
mlp_c_09,c,[64],1.0,0.001,300,False,64,0.0001,adam,relu,outer_fold_4,0.9408562307853269,0.9579647890972989,0.9629061464925285,0.9539090554583848,722,2.6178501000031247,116,0.07078452733206039,False,False,103,0.05570218887478942,False,False,101,0.05256912526769331,False,False
mlp_c_10,c,[64],100.0,0.0005,300,False,64,0.0001,adam,relu,outer_fold_4,0.9282186497172108,0.9426878649294825,0.9490925902885797,0.9399997016450911,722,4.399670000006154,167,0.6471648184821345,False,False,159,0.6498436762580722,False,False,172,0.6470266192509604,False,False
mlp_c_11,c,[64],100.0,0.001,300,False,64,0.0001,adam,relu,outer_fold_4,0.9332257868507463,0.9414423191082604,0.9469718775657675,0.9405466611749248,722,2.315084800000477,101,0.6507705072314957,False,False,87,0.6532649124403704,False,False,99,0.6518302709694626,False,False
mlp_c_12,c,"[32,16]",0.01,0.0005,300,False,64,0.0001,adam,relu,outer_fold_4,0.9536330635185591,0.96016715310738,0.9573572263044924,0.9570524809768105,722,1.0368545999954222,62,0.009187788812528498,False,False,60,0.009255587322719763,False,False,61,0.009241861233979307,False,False
mlp_c_13,c,"[32,16]",0.01,0.001,300,False,64,0.0001,adam,relu,outer_fold_4,0.956457858315084,0.9610072929713837,0.9571570615411307,0.9582074042758663,722,0.7197584000023198,42,0.008590722088168358,False,False,42,0.008638126902109949,False,False,41,0.008627440020984832,False,False
mlp_c_14,c,"[32,16]",1.0,0.0005,300,False,64,0.0001,adam,relu,outer_fold_4,0.9573048198872427,0.9584472111498985,0.9613271120463828,0.9590263810278413,722,4.198179699997127,263,0.05792394532955921,False,False,240,0.0608920238443526,False,False,251,0.059519929804782885,False,False
mlp_c_15,c,"[32,16]",1.0,0.001,300,False,64,0.0001,adam,relu,outer_fold_4,0.9570799528804695,0.9541227154669507,0.9560058714644701,0.9557361799372969,722,2.209130000002915,158,0.0738919458568892,False,False,110,0.07313357358647998,False,False,124,0.09551334585232624,False,False
mlp_c_16,c,"[32,16]",100.0,0.0005,300,False,64,0.0001,adam,relu,outer_fold_4,0.6310674204238492,0.6141078838174274,0.7848348348348348,0.6766700463587038,722,3.8042012000005343,225,0.667454998014703,False,False,225,0.6665691603586057,False,False,225,0.667110871951721,False,False
mlp_c_17,c,"[32,16]",100.0,0.001,300,False,64,0.0001,adam,relu,outer_fold_4,0.6182572614107884,0.6141078838174274,0.6166666666666667,0.6163439372982942,722,2.1591431999986526,128,0.6666939284013634,False,False,128,0.6657932428429146,False,False,130,0.6662682162606256,False,False
mlp_a_00,a,[32],0.01,0.0005,300,False,64,0.0001,adam,relu,final_all_training,0.9359777240953293,0.9620222170672335,0.9508367331694924,0.9496122247773516,903,1.649416400003247,228,0.010960963890837103,False,False,155,0.011881314129065857,False,False,206,0.010517803791090045,False,False
mlp_a_01,a,[32],0.01,0.001,300,False,64,0.0001,adam,relu,final_all_training,0.9380000072377981,0.9603676401217389,0.949867628754824,0.949411758704787,903,1.142508999997517,157,0.009599420749401474,False,False,100,0.01061258719706039,False,False,142,0.009462065087569914,False,False
mlp_a_02,a,[32],1.0,0.0005,300,False,64,0.0001,adam,relu,final_all_training,0.9462244148448608,0.9651720731526603,0.955191093538,0.9555291938451737,903,1.6650396999975783,193,0.13554197480616864,False,False,189,0.1344488211159963,False,False,206,0.1281879832915372,False,False
mlp_a_03,a,[32],1.0,0.001,300,False,64,0.0001,adam,relu,final_all_training,0.9486341154708562,0.9661061008587014,0.9557078687122063,0.9568160283472545,903,1.020281100005377,114,0.1371653500774287,False,False,140,0.13494769458512593,False,False,102,0.1327668436161055,False,False
mlp_a_04,a,[32],100.0,0.0005,300,False,64,0.0001,adam,relu,final_all_training,0.9389798633023736,0.9394863020815781,0.9424620482207458,0.9403094045348993,903,1.5594847999964259,177,0.6681365894525219,False,False,188,0.6667234171103094,False,False,171,0.6679231481566285,False,False
mlp_a_05,a,[32],100.0,0.001,300,False,64,0.0001,adam,relu,final_all_training,0.9374044992216448,0.9421421252214752,0.9415648411042535,0.9403704885157912,903,1.0075092000042787,125,0.6667167820271643,False,False,107,0.6663557805811369,False,False,109,0.6668362858885453,False,False
mlp_a_06,a,[64],0.01,0.0005,300,False,64,0.0001,adam,relu,final_all_training,0.9417102482654289,0.9652046988306773,0.9534685658776775,0.9534611709912612,903,2.206626099999994,208,0.012928180813122614,False,False,147,0.014342737679747725,False,False,214,0.01233972311876894,False,False
mlp_a_07,a,[64],0.01,0.001,300,False,64,0.0001,adam,relu,final_all_training,0.9419750893544616,0.9640684774178598,0.9545898881974274,0.9535444849899163,903,1.5674142999996548,124,0.01302759623245501,False,False,117,0.011875848958658801,False,False,166,0.010303077686909487,False,False
mlp_a_08,a,[64],1.0,0.0005,300,False,64,0.0001,adam,relu,final_all_training,0.9468350432133625,0.9698827978835847,0.954882165458575,0.9572000021851741,903,1.9867024999985006,161,0.13705772252202642,False,False,189,0.1326035282702059,False,False,169,0.12947455117537843,False,False
mlp_a_09,a,[64],1.0,0.001,300,False,64,0.0001,adam,relu,final_all_training,0.9460702823170346,0.9647297903968367,0.9565590222040373,0.9557863649726362,903,1.216480600000068,110,0.1397291320166085,False,False,88,0.1437871172745329,False,False,112,0.1326992255006074,False,False
mlp_a_10,a,[64],100.0,0.0005,300,False,64,0.0001,adam,relu,final_all_training,0.9373950821087316,0.9397134941767036,0.9421513260814347,0.9397533007889566,903,1.6313363000008394,141,0.666756708261896,False,False,126,0.6663808009599077,False,False,132,0.6667796426748408,False,False
mlp_a_11,a,[64],100.0,0.001,300,False,64,0.0001,adam,relu,final_all_training,0.9384884310866846,0.942112314661472,0.9422572039428649,0.9409526498970072,903,0.9390320999955293,88,0.6663032355824917,False,False,83,0.6655977978649156,False,False,77,0.6665045910305155,False,False
mlp_a_12,a,"[32,16]",0.01,0.0005,300,False,64,0.0001,adam,relu,final_all_training,0.9431092541947901,0.9692490681724009,0.9556620531468176,0.956006791838003,903,1.2293601000055787,142,0.01010110264861775,False,False,113,0.010670555061714588,False,False,133,0.010128425571247759,False,False
mlp_a_13,a,"[32,16]",0.01,0.001,300,False,64,0.0001,adam,relu,final_all_training,0.9452763349527282,0.9686994885955901,0.9537754004053036,0.9559170746512073,903,0.8140494999970542,82,0.009897631671070368,False,False,81,0.009587450341013836,False,False,91,0.009427517558192948,False,False
mlp_a_14,a,"[32,16]",1.0,0.0005,300,False,64,0.0001,adam,relu,final_all_training,0.9452929791054817,0.9651235300342369,0.9507756848740885,0.9537307313379356,903,2.1936505000048783,268,0.11994383782929048,False,False,198,0.11901921719799978,False,False,229,0.12055220820330417,False,False
mlp_a_15,a,"[32,16]",1.0,0.001,300,False,64,0.0001,adam,relu,final_all_training,0.9451482157429263,0.9645991137611256,0.9543281811285158,0.9546918368775227,903,1.0562232000011136,109,0.1282126762826428,False,False,123,0.1246059042150553,False,False,101,0.12298474377265695,False,False
mlp_a_16,a,"[32,16]",100.0,0.0005,300,False,64,0.0001,adam,relu,final_all_training,0.673400492980388,0.6146179401993356,0.6348122866894198,0.6409435732897144,903,2.338167499998235,198,0.6673041832074572,False,False,199,0.6664557374986649,False,False,200,0.6671080516919196,False,False
mlp_a_17,a,"[32,16]",100.0,0.001,300,False,64,0.0001,adam,relu,final_all_training,0.6179401993355482,0.6146179401993356,0.6179401993355482,0.6168327796234773,903,1.1961758000034024,115,0.6663248654572027,False,False,116,0.6655754071301724,False,False,115,0.6664122687136292,False,False
mlp_b_00,b,[32],0.01,0.0005,300,False,64,0.0001,adam,relu,final_all_training,0.9591645626134746,0.9755549230483602,0.9584599711227876,0.9643931522615409,903,1.2814873999959673,113,0.010987395498349047,False,False,108,0.009528350023080234,False,False,103,0.009681074608356321,False,False
mlp_b_01,b,[32],0.01,0.001,300,False,64,0.0001,adam,relu,final_all_training,0.9587234330521709,0.9727592388652659,0.9577151890105104,0.963065953642649,903,0.9301454000014928,84,0.009361893029227037,False,False,73,0.008353490348909325,False,False,85,0.008244896156047614,False,False
mlp_b_02,b,[32],1.0,0.0005,300,False,64,0.0001,adam,relu,final_all_training,0.9595432889811992,0.9690223182539064,0.9634015288882554,0.9639890453744536,903,2.4701609000039753,208,0.0907106758400321,False,False,191,0.09146641229050066,False,False,186,0.08558854535988271,False,False
mlp_b_03,b,[32],1.0,0.001,300,False,64,0.0001,adam,relu,final_all_training,0.958634519916097,0.9679915104712433,0.9610065140920288,0.962544181493123,903,1.212117600000056,93,0.09357936528787127,False,False,106,0.09260533250561807,False,False,103,0.08729627448765108,False,False
mlp_b_04,b,[32],100.0,0.0005,300,False,64,0.0001,adam,relu,final_all_training,0.9432181037053625,0.9555768830702381,0.9582801905451166,0.9523583924402391,903,3.740148999997473,217,0.6381678209205027,False,False,216,0.6387886491384032,False,False,220,0.6361312115141046,False,False
mlp_b_05,b,[32],100.0,0.001,300,False,64,0.0001,adam,relu,final_all_training,0.9426499062064799,0.9537076432824967,0.9603489839087853,0.9522355111325873,903,1.6721246000015526,116,0.6392549564270865,False,False,145,0.6391781286928493,False,False,126,0.637444199841054,False,False
mlp_b_06,b,[64],0.01,0.0005,300,False,64,0.0001,adam,relu,final_all_training,0.9552580302204456,0.9775582180892403,0.9577395198846068,0.9635185893980976,903,1.74550150000141,105,0.011845265729012911,False,False,85,0.012847748548401029,False,False,91,0.012199445391036075,False,False
mlp_b_07,b,[64],0.01,0.001,300,False,64,0.0001,adam,relu,final_all_training,0.9547146100209618,0.9757522869693516,0.9564953768852851,0.9623207579585328,903,1.3110502999988967,74,0.010649391465317409,False,False,65,0.011098865793118301,False,False,70,0.010590838611304885,False,False
mlp_b_08,b,[64],1.0,0.0005,300,False,64,0.0001,adam,relu,final_all_training,0.9578261401299806,0.9709140789987889,0.9624349507459571,0.9637250566249088,903,2.7473354999965522,146,0.08870056156391133,False,False,136,0.09157425476737703,False,False,163,0.0858288560770945,False,False
mlp_b_09,b,[64],1.0,0.001,300,False,64,0.0001,adam,relu,final_all_training,0.9619668619807822,0.9680851851872243,0.9560230193139305,0.9620250221606458,903,1.3921136999997543,74,0.1042927312341413,False,False,69,0.10780549441694208,False,False,79,0.09168209166405371,False,False
mlp_b_10,b,[64],100.0,0.0005,300,False,64,0.0001,adam,relu,final_all_training,0.9422032666566517,0.9513288181624013,0.9602312576013685,0.9512544474734739,903,3.1395553999973345,165,0.6370500972423048,False,False,140,0.6389762526591888,False,False,178,0.6351400289116785,False,False
mlp_b_11,b,[64],100.0,0.001,300,False,64,0.0001,adam,relu,final_all_training,0.9443183051345169,0.9511903293335987,0.959629636050783,0.9517127568396329,903,2.3824475000001257,111,0.6387728201767012,False,False,128,0.6385236000054648,False,False,125,0.6366062296598344,False,False
mlp_b_12,b,"[32,16]",0.01,0.0005,300,False,64,0.0001,adam,relu,final_all_training,0.9477099751858508,0.9741191494783825,0.9529761834976325,0.9582684360539554,903,1.063977600002545,91,0.009391436609566439,False,False,76,0.009814999846061085,False,False,78,0.009643057317194902,False,False
mlp_b_13,b,"[32,16]",0.01,0.001,300,False,64,0.0001,adam,relu,final_all_training,0.9484102309629312,0.9746187342575889,0.9509898655000293,0.9580062769068499,903,0.7937096000023303,69,0.00847550694284003,False,False,54,0.00910685533479922,False,False,61,0.008589018516517315,False,False
mlp_b_14,b,"[32,16]",1.0,0.0005,300,False,64,0.0001,adam,relu,final_all_training,0.9540870424798978,0.9685599916938129,0.9582331039350362,0.9602933793695824,903,2.5066741999980877,192,0.08702790236508302,False,False,215,0.08739102381730347,False,False,180,0.08566914010323995,False,False
mlp_b_15,b,"[32,16]",1.0,0.001,300,False,64,0.0001,adam,relu,final_all_training,0.9589740667142903,0.9672593249233867,0.9582557122579163,0.9614963679651978,903,1.473128599995107,122,0.09615423832080643,False,False,111,0.09072291552206045,False,False,101,0.09110544636095304,False,False
mlp_b_16,b,"[32,16]",100.0,0.0005,300,False,64,0.0001,adam,relu,final_all_training,0.6179401993355482,0.6146179401993356,0.6179401993355482,0.6168327796234773,903,2.8259054999944055,220,0.6669295223103796,False,False,221,0.6660880629593647,False,False,221,0.6668563739249947,False,False
mlp_b_17,b,"[32,16]",100.0,0.001,300,False,64,0.0001,adam,relu,final_all_training,0.6179401993355482,0.6146179401993356,0.6179401993355482,0.6168327796234773,903,1.6261545000015758,132,0.6661148328359117,False,False,134,0.6652362420242545,False,False,126,0.6662531056232882,False,False
mlp_c_00,c,[32],0.01,0.0005,300,False,64,0.0001,adam,relu,final_all_training,0.959238395391608,0.9774533368294995,0.9663045722274273,0.9676654348161783,903,1.2675318000037805,65,0.00809300273334503,False,False,67,0.00833380530401083,False,False,66,0.008192041630900544,False,False
mlp_c_01,c,[32],0.01,0.001,300,False,64,0.0001,adam,relu,final_all_training,0.9571971200058447,0.9776149741438501,0.9659365832835949,0.9669162258110965,903,0.8993633999998565,46,0.007196436506430783,False,False,47,0.007375736266264833,False,False,47,0.007296817275413682,False,False
mlp_c_02,c,[32],1.0,0.0005,300,False,64,0.0001,adam,relu,final_all_training,0.9527605033803486,0.9773379773780481,0.9634741318463744,0.9645242042015904,903,4.166675899999973,233,0.05267157772202445,False,False,179,0.05825035353454905,False,False,250,0.05463453545691606,False,False
mlp_c_03,c,[32],1.0,0.001,300,False,64,0.0001,adam,relu,final_all_training,0.9537492569680673,0.977939483242908,0.9687145543586166,0.966801098189864,903,1.8250288999988697,94,0.0566869786422101,False,False,111,0.06583448850960755,False,False,78,0.06073176826369367,False,False
mlp_c_04,c,[32],100.0,0.0005,300,False,64,0.0001,adam,relu,final_all_training,0.9367326191463752,0.9488206468148637,0.9490807709626804,0.9448780123079731,903,4.068887200002791,168,0.6496238991844276,False,False,179,0.6498660721696771,False,False,181,0.6502596412401419,False,False
mlp_c_05,c,[32],100.0,0.001,300,False,64,0.0001,adam,relu,final_all_training,0.9321542041639738,0.9473234103053022,0.9477375090815817,0.9424050411836192,903,2.237559000001056,99,0.6521675797497627,False,False,119,0.6519827859661325,False,False,102,0.6537224411707633,False,False
mlp_c_06,c,[64],0.01,0.0005,300,False,64,0.0001,adam,relu,final_all_training,0.9581775345756285,0.9800471993231716,0.9619382776993269,0.9667210038660423,903,1.5333296000026166,50,0.011314925068924609,False,False,52,0.01145941855895284,False,False,52,0.011324797674129602,False,False
mlp_c_07,c,[64],0.01,0.001,300,False,64,0.0001,adam,relu,final_all_training,0.9578938034707063,0.979641297698153,0.9620419956131162,0.9665256989273252,903,1.1850562999970862,40,0.010236286714128,False,False,41,0.010391882973933994,False,False,41,0.01025007185918023,False,False
mlp_c_08,c,[64],1.0,0.0005,300,False,64,0.0001,adam,relu,final_all_training,0.9529271957224121,0.9720254973879681,0.96003012116879,0.9616609380930567,903,4.493884800001979,150,0.05253241368477912,False,False,160,0.08704467137621195,False,False,165,0.05513022020549704,False,False
mlp_c_09,c,[64],1.0,0.001,300,False,64,0.0001,adam,relu,final_all_training,0.9441124066227404,0.9774078344781314,0.9631478869787451,0.9615560426932056,903,1.8562115000022459,60,0.060245315003259144,False,False,64,0.05986014825257562,False,False,67,0.060955801493471365,False,False
mlp_c_10,c,[64],100.0,0.0005,300,False,64,0.0001,adam,relu,final_all_training,0.9344528817934371,0.9498105042872437,0.9448142773182859,0.9430258877996556,903,4.107582399999956,131,0.6471369069079472,False,False,120,0.6479200736513876,False,False,150,0.6486170733829598,False,False
mlp_c_11,c,[64],100.0,0.001,300,False,64,0.0001,adam,relu,final_all_training,0.9330433032206433,0.948666801611322,0.9478447940535509,0.943184966295172,903,2.4734717999963323,86,0.6520340592890627,False,False,89,0.652347056918479,False,False,75,0.6529343970332445,False,False
mlp_c_12,c,"[32,16]",0.01,0.0005,300,False,64,0.0001,adam,relu,final_all_training,0.947091842709832,0.9782751422603639,0.9641799393527379,0.9631823081076446,903,1.2520720000029542,55,0.008931361970261752,False,False,57,0.009072198729960072,False,False,56,0.009026780561928231,False,False
mlp_c_13,c,"[32,16]",0.01,0.001,300,False,64,0.0001,adam,relu,final_all_training,0.948650139972634,0.9798424527334945,0.9640544093497051,0.9641823340186112,903,0.8802342000053613,40,0.008302002703120199,False,False,40,0.008542124762686575,False,False,40,0.008398344507832228,False,False
mlp_c_14,c,"[32,16]",1.0,0.0005,300,False,64,0.0001,adam,relu,final_all_training,0.9508088798619455,0.9764064468731253,0.9634615492680964,0.9635589586677225,903,4.494544100001804,193,0.06170566628075003,False,False,225,0.06353141874862611,False,False,218,0.061239838424618775,False,False
mlp_c_15,c,"[32,16]",1.0,0.001,300,False,64,0.0001,adam,relu,final_all_training,0.9491158366842154,0.9776029634794731,0.9644227926309065,0.9637138642648649,903,1.9111407000018517,78,0.07044355151486154,False,False,93,0.06838858925686345,False,False,93,0.06738955572782959,False,False
mlp_c_16,c,"[32,16]",100.0,0.0005,300,False,64,0.0001,adam,relu,final_all_training,0.6179401993355482,0.6146179401993356,0.6179401993355482,0.6168327796234773,903,4.185928300001251,192,0.6667176393071466,False,False,192,0.6659159310017534,False,False,192,0.6667135966055082,False,False
mlp_c_17,c,"[32,16]",100.0,0.001,300,False,64,0.0001,adam,relu,final_all_training,0.6179401993355482,0.6146179401993356,0.6179401993355482,0.6168327796234773,903,2.4728008000020054,109,0.6661421429426255,False,False,110,0.6653591148889811,False,False,110,0.6661696868469804,False,False
