selection_scope,outer_fold,embedding,C,class_weight,mean_inner_average_precision,inner_average_precision_0,inner_average_precision_1,inner_average_precision_2,inner_rows,selection_rank
outer_fold,0,a,0.01,None,0.932341929035017,0.9458202721887147,0.9097925729305613,0.9414129419857749,722,29
outer_fold,0,a,0.01,balanced,0.9323161394508519,0.9455940862696032,0.9102377024485107,0.9411166296344421,722,30
outer_fold,0,a,0.1,None,0.9353913727800477,0.9489463153452028,0.9143883098568062,0.942839493138134,722,26
outer_fold,0,a,0.1,balanced,0.9358217013985657,0.9487158022089207,0.9163040431837965,0.9424452588029795,722,25
outer_fold,0,a,1.0,None,0.9427473596128713,0.9515985292848352,0.932754164270277,0.9438893852835015,722,17
outer_fold,0,a,1.0,balanced,0.9428574169954121,0.951390483982586,0.9339010540598024,0.9432807129438481,722,16
outer_fold,0,a,10.0,None,0.9407077817677788,0.9498248594914217,0.9408388885888259,0.931459597223089,722,19
outer_fold,0,a,10.0,balanced,0.9403653520213936,0.9494324911860921,0.9406865260338648,0.9309770388442238,722,20
outer_fold,0,a,100.0,None,0.9334339787604375,0.94554162645149,0.9378247082750569,0.9169356015547655,722,27
outer_fold,0,a,100.0,balanced,0.9330197366232692,0.9453174731138984,0.9376088820922122,0.9161328546636971,722,28
outer_fold,0,b,0.01,None,0.9377822761447959,0.9641264023920308,0.9072361490264946,0.9419842770158626,722,22
outer_fold,0,b,0.01,balanced,0.9382655231625242,0.9643854375339489,0.908020602129003,0.9423905298246207,722,21
outer_fold,0,b,0.1,None,0.9502739531566274,0.9708762655233478,0.9282073534843772,0.9517382404621572,722,14
outer_fold,0,b,0.1,balanced,0.9513624669327222,0.9715543103135126,0.9305648046230683,0.9519682858615854,722,13
outer_fold,0,b,1.0,None,0.9631302920108653,0.9773515656719188,0.9478892746707965,0.9641500356898804,722,4
outer_fold,0,b,1.0,balanced,0.9632083049772399,0.9776190846294424,0.9478472862640832,0.9641585440381941,722,3
outer_fold,0,b,10.0,None,0.964353363851498,0.9713897030069656,0.9515248875054776,0.9701455010420506,722,1
outer_fold,0,b,10.0,balanced,0.9642343025519131,0.9715588307093286,0.9511758672902022,0.9699682096562084,722,2
outer_fold,0,b,100.0,None,0.9563728540107946,0.9490853282044033,0.9515966392678689,0.9684365945601119,722,9
outer_fold,0,b,100.0,balanced,0.9560149755751435,0.9474772576068288,0.9524671548223667,0.9681005142962352,722,11
outer_fold,0,c,0.01,None,0.9369108806793115,0.9541516358673063,0.92128569637749,0.9352953097931385,722,24
outer_fold,0,c,0.01,balanced,0.9372501287421211,0.9540834185685974,0.9222180993690197,0.9354488682887462,722,23
outer_fold,0,c,0.1,None,0.9426789912144972,0.9570124927597166,0.93093309401757,0.9400913868662052,722,18
outer_fold,0,c,0.1,balanced,0.9435619626313126,0.9571230056734381,0.9326223429837877,0.940940539236712,722,15
outer_fold,0,c,1.0,None,0.9561174092065884,0.9625530336554813,0.9519970632187941,0.9538021307454896,722,10
outer_fold,0,c,1.0,balanced,0.9566033857362098,0.9628065390471955,0.9529494157050491,0.9540542024563847,722,8
outer_fold,0,c,10.0,None,0.9591580101733735,0.9600346466863316,0.9573851860898508,0.960054197743938,722,6
outer_fold,0,c,10.0,balanced,0.9598618624408246,0.9612750500491799,0.9577750987138848,0.9605354385594089,722,5
outer_fold,0,c,100.0,None,0.9559468447026838,0.9572905663881506,0.9522474770710037,0.9583024906488973,722,12
outer_fold,0,c,100.0,balanced,0.9567166059676856,0.9580052907005426,0.9532501667531138,0.9588943604494007,722,7
outer_fold,1,a,0.01,None,0.9357967383703448,0.9408558934435576,0.9346284838894471,0.9319058377780298,722,29
outer_fold,1,a,0.01,balanced,0.935656762669101,0.9411197889903344,0.9343788831601727,0.9314716158567962,722,30
outer_fold,1,a,0.1,None,0.9413767668590799,0.9491512717671653,0.9391265316939019,0.9358524971161726,722,25
outer_fold,1,a,0.1,balanced,0.9412829866260658,0.9495040353361442,0.9386610005633342,0.9356839239787189,722,26
outer_fold,1,a,1.0,None,0.9514327083342161,0.9625223301835197,0.9492786198865426,0.9424971749325859,722,18
outer_fold,1,a,1.0,balanced,0.9521752402838013,0.9636172791008736,0.9503065544401021,0.942601887310428,722,15
outer_fold,1,a,10.0,None,0.9541871243149096,0.9650310069339827,0.9565455291756528,0.940984836835093,722,13
outer_fold,1,a,10.0,balanced,0.953434651070013,0.9641670805279358,0.9565292989657544,0.939607573716349,722,14
outer_fold,1,a,100.0,None,0.9415893803689589,0.9535024730585306,0.9442821390121954,0.9269835290361506,722,24
outer_fold,1,a,100.0,balanced,0.9420603581411869,0.9530438439530495,0.9447137412814248,0.9284234891890861,722,23
outer_fold,1,b,0.01,None,0.9444538606182252,0.9491963568383741,0.9446260473778518,0.9395391776384494,722,20
outer_fold,1,b,0.01,balanced,0.9447522412134041,0.9498643511765318,0.9447954605526715,0.9395969119110088,722,19
outer_fold,1,b,0.1,None,0.9517002603915126,0.958411484625306,0.9497581579433488,0.9469311386058827,722,17
outer_fold,1,b,0.1,balanced,0.9519819638631741,0.9593406184374756,0.9494163025830793,0.9471889705689678,722,16
outer_fold,1,b,1.0,None,0.9615621768962378,0.9714371779472925,0.956666419763772,0.956582932977649,722,10
outer_fold,1,b,1.0,balanced,0.962281110394554,0.9722756420778818,0.956963081896138,0.9576046072096424,722,9
outer_fold,1,b,10.0,None,0.9672980022397301,0.9768590289037474,0.9620759919365249,0.9629589858789177,722,2
outer_fold,1,b,10.0,balanced,0.9674153043372042,0.9770932116282983,0.962340323607729,0.9628123777755854,722,1
outer_fold,1,b,100.0,None,0.963414072866045,0.9759194333903237,0.9518218742966653,0.9625009109111461,722,7
outer_fold,1,b,100.0,balanced,0.9630260815766535,0.9754072661195303,0.9509845158350554,0.9626864627753746,722,8
outer_fold,1,c,0.01,None,0.9369455829480691,0.9403610412047245,0.9379506560014073,0.9325250516380756,722,28
outer_fold,1,c,0.01,balanced,0.937272633278798,0.9405908846336619,0.9385482077174019,0.9326788074853299,722,27
outer_fold,1,c,0.1,None,0.9429613608704517,0.9450303300759348,0.9476275251874968,0.9362262273479234,722,22
outer_fold,1,c,0.1,balanced,0.9437529966926216,0.9456384220801777,0.9482241645107428,0.9373964034869443,722,21
outer_fold,1,c,1.0,None,0.9579485237401816,0.956773642099686,0.965197117486823,0.9518748116340356,722,12
outer_fold,1,c,1.0,balanced,0.9587862449958426,0.9572063866256348,0.9662157694202814,0.9529365789416119,722,11
outer_fold,1,c,10.0,None,0.9656675031315082,0.9596210406325059,0.9755496716276297,0.961831797134389,722,3
outer_fold,1,c,10.0,balanced,0.9655051262724098,0.9594812064406918,0.9752339233899081,0.9618002489866297,722,4
outer_fold,1,c,100.0,None,0.9649842396642896,0.9561296827938928,0.9742468723880021,0.9645761638109736,722,6
outer_fold,1,c,100.0,balanced,0.9654663298755052,0.9590573542507775,0.9740853008409627,0.9632563345347753,722,5
outer_fold,2,a,0.01,None,0.9376233215636107,0.9211606645250408,0.9590821557709182,0.9326271443948735,723,24
outer_fold,2,a,0.01,balanced,0.9375017575370804,0.9207570353148993,0.9590795728161705,0.9326686644801716,723,25
outer_fold,2,a,0.1,None,0.9397243144233248,0.9243608699767196,0.9599077792874884,0.9349042940057665,723,22
outer_fold,2,a,0.1,balanced,0.9398493812802654,0.9244198018613603,0.9603818094538419,0.9347465325255944,723,21
outer_fold,2,a,1.0,None,0.9440926037958968,0.9286809369164982,0.9627743926368287,0.9408224818343633,723,18
outer_fold,2,a,1.0,balanced,0.9449731661273857,0.9298971117863996,0.9634340508237468,0.9415883357720108,723,17
outer_fold,2,a,10.0,None,0.941842424221646,0.9298420121275334,0.960272266147341,0.9354129943900638,723,20
outer_fold,2,a,10.0,balanced,0.9421144600632321,0.9288135577649042,0.9610806252533068,0.9364491971714854,723,19
outer_fold,2,a,100.0,None,0.9282193977738943,0.9179529956791826,0.948997472519153,0.9177077251233472,723,29
outer_fold,2,a,100.0,balanced,0.9278620894396061,0.9155396917806283,0.9491332344981349,0.918913342040055,723,30
outer_fold,2,b,0.01,None,0.9463135890261943,0.9419268505951489,0.9663449383086928,0.9306689781747409,723,16
outer_fold,2,b,0.01,balanced,0.946504135753,0.9418862664575715,0.9665635799768006,0.9310625608246281,723,15
outer_fold,2,b,0.1,None,0.9528798406083737,0.948383843115068,0.9695741783322421,0.9406815003778108,723,13
outer_fold,2,b,0.1,balanced,0.9536186530813803,0.9487999001423834,0.9699488714517255,0.9421071876500321,723,12
outer_fold,2,b,1.0,None,0.961335785788119,0.9564635448965257,0.972010579519603,0.955533232948228,723,4
outer_fold,2,b,1.0,balanced,0.9617330772669338,0.9567249776515065,0.9728226852246609,0.9556515689246339,723,3
outer_fold,2,b,10.0,None,0.9619648459781714,0.955201949644219,0.974164274481883,0.9565283138084124,723,2
outer_fold,2,b,10.0,balanced,0.9624565352204825,0.9557532959842642,0.9751933197310622,0.956422989946121,723,1
outer_fold,2,b,100.0,None,0.9558201533294248,0.950223678931452,0.9720011799042668,0.9452356011525553,723,10
outer_fold,2,b,100.0,balanced,0.9564274295535706,0.9498245492431583,0.9726292129910781,0.9468285264264754,723,9
outer_fold,2,c,0.01,None,0.9310399576075105,0.9259829023414798,0.9398918089099662,0.9272451615710855,723,28
outer_fold,2,c,0.01,balanced,0.9313396229351287,0.9263414495969746,0.9402007063235949,0.9274767128848165,723,27
outer_fold,2,c,0.1,None,0.9368744599478802,0.9306228605411946,0.9448772902050593,0.9351232290973867,723,26
outer_fold,2,c,0.1,balanced,0.9388760192179783,0.9335521734518967,0.9461977728718253,0.9368781113302127,723,23
outer_fold,2,c,1.0,None,0.9522104330713738,0.944152610656448,0.9539308970802091,0.9585477914774644,723,14
outer_fold,2,c,1.0,balanced,0.9537049710548834,0.9460599739784508,0.9554830619932337,0.9595718771929658,723,11
outer_fold,2,c,10.0,None,0.9599146965697484,0.9564194369419746,0.9576356480087247,0.9656890047585456,723,7
outer_fold,2,c,10.0,balanced,0.9606243169342695,0.9572885924273368,0.9580774022952272,0.9665069560802448,723,5
outer_fold,2,c,100.0,None,0.960057287949364,0.9575903654535475,0.956831099249459,0.9657503991450855,723,6
outer_fold,2,c,100.0,balanced,0.9595620539781625,0.957165720422563,0.956631757062083,0.9648886844498418,723,8
outer_fold,3,a,0.01,None,0.9359528254237341,0.9260587172196383,0.9397785557963216,0.9420212032552425,723,29
outer_fold,3,a,0.01,balanced,0.9358953406086976,0.9261937511039902,0.9400265655015199,0.9414657052205828,723,30
outer_fold,3,a,0.1,None,0.9392490957532944,0.9283292750374211,0.9427989020333365,0.9466191101891257,723,26
outer_fold,3,a,0.1,balanced,0.9398271024566797,0.9287564912762905,0.9438718376660034,0.9468529784277452,723,23
outer_fold,3,a,1.0,None,0.9485802782039713,0.9367356612930999,0.9537689599669182,0.9552362133518959,723,16
outer_fold,3,a,1.0,balanced,0.9493731783262307,0.9380454781201151,0.954550154588129,0.9555239022704483,723,15
outer_fold,3,a,10.0,None,0.9521285639574932,0.9437225962416287,0.9532537760111504,0.9594093196197007,723,12
outer_fold,3,a,10.0,balanced,0.952692598445036,0.9444730706431173,0.9545295935455843,0.9590751311464059,723,11
outer_fold,3,a,100.0,None,0.943111436632709,0.9390536021698056,0.936250102171363,0.9540306055569584,723,22
outer_fold,3,a,100.0,balanced,0.9432463273642094,0.9390798678181353,0.9366667215951271,0.9539923926793659,723,21
outer_fold,3,b,0.01,None,0.9395211994279858,0.9376095041439843,0.94553700589215,0.9354170882478237,723,25
outer_fold,3,b,0.01,balanced,0.9397976873074215,0.9380360287733327,0.9458941123459959,0.9354629208029359,723,24
outer_fold,3,b,0.1,None,0.9467163915456736,0.9463757741624806,0.9520386009284407,0.9417347995460994,723,18
outer_fold,3,b,0.1,balanced,0.947425067833204,0.947423987284536,0.9528655752808013,0.941985640934275,723,17
outer_fold,3,b,1.0,None,0.958374968393172,0.9589747916011715,0.963415562198775,0.9527345513795696,723,9
outer_fold,3,b,1.0,balanced,0.9584197013917964,0.9593716392122472,0.9637530145121261,0.9521344504510162,723,8
outer_fold,3,b,10.0,None,0.9599901919619637,0.962299059943639,0.9596654565436176,0.9580060593986344,723,6
outer_fold,3,b,10.0,balanced,0.9600102688223231,0.9623111134115255,0.9597020653320303,0.9580176277234138,723,5
outer_fold,3,b,100.0,None,0.9504708790763928,0.9549040568639225,0.9474484890626855,0.9490600913025706,723,13
outer_fold,3,b,100.0,balanced,0.950141220375638,0.9544831738080968,0.9481701633051178,0.9477703240136991,723,14
outer_fold,3,c,0.01,None,0.9382913193542709,0.9269919638495375,0.9450970835758414,0.9427849106374335,723,28
outer_fold,3,c,0.01,balanced,0.9385645929722827,0.9272426958969571,0.9455001067629275,0.9429509762569632,723,27
outer_fold,3,c,0.1,None,0.9439545514495751,0.9348767921354946,0.951303101986543,0.9456837602266877,723,20
outer_fold,3,c,0.1,balanced,0.9443991866033948,0.9356655034959683,0.9517487582303799,0.9457832980838362,723,19
outer_fold,3,c,1.0,None,0.9581588808431444,0.956659681183321,0.9648222140685915,0.9529947472775208,723,10
outer_fold,3,c,1.0,balanced,0.9593813573893644,0.9587084896021917,0.9657524791864072,0.9536831033794941,723,7
outer_fold,3,c,10.0,None,0.9632960539277949,0.9655329400026014,0.9693391156980199,0.9550161060827635,723,2
outer_fold,3,c,10.0,balanced,0.9635443655494034,0.9658165381245236,0.969594851014516,0.9552217075091705,723,1
outer_fold,3,c,100.0,None,0.9613873019414361,0.9629117191482723,0.968884032056103,0.9523661546199329,723,4
outer_fold,3,c,100.0,balanced,0.9622917085596701,0.9649871021709608,0.9688485858723446,0.9530394376357048,723,3
outer_fold,4,a,0.01,None,0.9369862893565507,0.929211841761912,0.9416388700124306,0.9401081562953097,722,24
outer_fold,4,a,0.01,balanced,0.9368424242074314,0.9291828754202722,0.9414047141645412,0.9399396830374809,722,25
outer_fold,4,a,0.1,None,0.9397891947092808,0.9318158979596795,0.9413384543204948,0.9462132318476679,722,21
outer_fold,4,a,0.1,balanced,0.9398978180781897,0.9309983092675256,0.9421657548990736,0.9465293900679699,722,20
outer_fold,4,a,1.0,None,0.9469051599431358,0.936614322513485,0.9455455366917708,0.9585556206241521,722,16
outer_fold,4,a,1.0,balanced,0.9473432291893179,0.9365326580096691,0.9468520568241654,0.9586449727341191,722,15
outer_fold,4,a,10.0,None,0.9438523027953489,0.9279813025267971,0.9442149438862895,0.9593606619729602,722,18
outer_fold,4,a,10.0,balanced,0.9439618931573538,0.9263053829062754,0.9460216462299047,0.9595586503358815,722,17
outer_fold,4,a,100.0,None,0.9290636725580512,0.91747856317844,0.9310554940200562,0.9386569604756575,722,29
outer_fold,4,a,100.0,balanced,0.9286844751250852,0.9188193011248381,0.9306764446877016,0.9365576795627162,722,30
outer_fold,4,b,0.01,None,0.9396911176535713,0.9325833190781145,0.9429173656884857,0.9435726681941137,722,22
outer_fold,4,b,0.01,balanced,0.940099021364433,0.9330616927622389,0.9432987907831251,0.9439365805479352,722,19
outer_fold,4,b,0.1,None,0.9484910701116368,0.9423487729858556,0.9538746543080646,0.9492497830409902,722,14
outer_fold,4,b,0.1,balanced,0.9493645997943428,0.9437080867615001,0.954609882800451,0.9497758298210777,722,13
outer_fold,4,b,1.0,None,0.9609409760519471,0.956228464699532,0.9679848998987546,0.9586095635575542,722,4
outer_fold,4,b,1.0,balanced,0.9610843542699671,0.9567567751435908,0.9683618746052998,0.9581344130610105,722,3
outer_fold,4,b,10.0,None,0.9625551040317336,0.9607763623132042,0.9684198146381182,0.9584691351438785,722,1
outer_fold,4,b,10.0,balanced,0.9621456880072019,0.9609731237628023,0.9680741241921549,0.9573898160666487,722,2
outer_fold,4,b,100.0,None,0.9554095168545839,0.9608511754671545,0.9570541761579249,0.9483231989386718,722,5
outer_fold,4,b,100.0,balanced,0.954758125797501,0.9600169717426811,0.9573272865125089,0.946930119137313,722,6
outer_fold,4,c,0.01,None,0.929480806937931,0.9183438377445818,0.9326371771920903,0.9374614058771209,722,28
outer_fold,4,c,0.01,balanced,0.929674568521668,0.9184675739420023,0.9326634378662289,0.9378926937567726,722,27
outer_fold,4,c,0.1,None,0.9359036626125725,0.9263586871256256,0.9396856576007735,0.9416666431113185,722,26
outer_fold,4,c,0.1,balanced,0.9371487139840401,0.9274676310865195,0.9412258275424423,0.9427526833231585,722,23
outer_fold,4,c,1.0,None,0.949697278573196,0.9431022211535478,0.9534782661101783,0.9525113484558619,722,12
outer_fold,4,c,1.0,balanced,0.9502205230850759,0.9437263701769235,0.9536951197114462,0.9532400793668578,722,11
outer_fold,4,c,10.0,None,0.9538150599268899,0.9485031003924733,0.9583633136833611,0.9545787657048352,722,8
outer_fold,4,c,10.0,balanced,0.953989788677447,0.9492686103284524,0.9577659757629844,0.9549347799409044,722,7
outer_fold,4,c,100.0,None,0.9533668576571483,0.9516988522782434,0.9584201892888082,0.9499815314043936,722,9
outer_fold,4,c,100.0,balanced,0.9532357813688191,0.9521777131458894,0.9576137225758479,0.9499159083847203,722,10
final_all_training,final,a,0.01,None,0.9389147518480355,0.9359485475838885,0.9399386490056273,0.940857058954591,903,27
final_all_training,final,a,0.01,balanced,0.9387647246447335,0.935787917116387,0.9399568834354602,0.9405493733823533,903,28
final_all_training,final,a,0.1,None,0.9424888797646515,0.9386681989527772,0.9466450126998662,0.942153427641311,903,23
final_all_training,final,a,0.1,balanced,0.9429375904077157,0.9390893572508735,0.9467322108351686,0.9429912031371049,903,21
final_all_training,final,a,1.0,None,0.9503722119735087,0.9446638203580362,0.9596424092091896,0.9468104063533006,903,18
final_all_training,final,a,1.0,balanced,0.951189368976137,0.9452224425469393,0.9604040858352627,0.9479415785462091,903,17
final_all_training,final,a,10.0,None,0.9522801172661589,0.9444491529081439,0.9651598457220951,0.9472313531682376,903,15
final_all_training,final,a,10.0,balanced,0.9524551292353666,0.9427022597679902,0.9659415064411262,0.9487216214969838,903,14
final_all_training,final,a,100.0,None,0.9398934111014333,0.9265262779383212,0.9578071531282368,0.9353468022377418,903,25
final_all_training,final,a,100.0,balanced,0.9397814717295455,0.925860325234779,0.9579774039657655,0.9355066859880916,903,26
final_all_training,final,b,0.01,None,0.9436175060531603,0.9420334200843788,0.9380733330305238,0.9507457650445784,903,20
final_all_training,final,b,0.01,balanced,0.9440551590951779,0.9423353107079602,0.9387446392514563,0.9510855273261171,903,19
final_all_training,final,b,0.1,None,0.9520452645990517,0.9476180696292744,0.9513244400812721,0.9571932840866086,903,16
final_all_training,final,b,0.1,balanced,0.9527799863305741,0.94802752398205,0.9523079627410276,0.9580044722686452,903,13
final_all_training,final,b,1.0,None,0.962197278581538,0.9527430463155053,0.9695740391074452,0.9642747503216637,903,5
final_all_training,final,b,1.0,balanced,0.9623601051886598,0.9531666082558047,0.9693164033025068,0.9645973040076679,903,3
final_all_training,final,b,10.0,None,0.9629372430467568,0.9537564961693128,0.9752296202160589,0.959825612754899,903,2
final_all_training,final,b,10.0,balanced,0.96313754048278,0.9543268204479105,0.9748291035703481,0.9602566974300814,903,1
final_all_training,final,b,100.0,None,0.9528554929947974,0.9464796448724554,0.9650244576031675,0.9470623765087696,903,12
final_all_training,final,b,100.0,balanced,0.9533060535476938,0.945923482576144,0.9657950373527395,0.9481996407141979,903,11
final_all_training,final,c,0.01,None,0.935667547899855,0.9254227994578836,0.9413012264277032,0.9402786178139783,903,30
final_all_training,final,c,0.01,balanced,0.9359021621113272,0.925465679295457,0.9416503716602443,0.9405904353782806,903,29
final_all_training,final,c,0.1,None,0.9418262646878244,0.9318522915103968,0.9478400559020478,0.9457864466510284,903,24
final_all_training,final,c,0.1,balanced,0.9428948212806968,0.9330202066693203,0.9488314926613457,0.9468327645114246,903,22
final_all_training,final,c,1.0,None,0.956574011005057,0.9474237066388373,0.9656351056674406,0.956663220708893,903,10
final_all_training,final,c,1.0,balanced,0.95727910935386,0.947648835225313,0.966554478848961,0.9576340139873063,903,9
final_all_training,final,c,10.0,None,0.9621135508959503,0.9525354134281937,0.9741739873049666,0.959631251954691,903,6
final_all_training,final,c,10.0,balanced,0.9622458860143054,0.9525245241993396,0.9743660197882296,0.9598471140553468,903,4
final_all_training,final,c,100.0,None,0.961154576822076,0.9514268897461471,0.9744248297267798,0.9576120109933011,903,7
final_all_training,final,c,100.0,balanced,0.9599821978121285,0.9488535490219819,0.9742625283959526,0.9568305160184508,903,8
